NDVI,SAVI,Chlorophyll_Content,Leaf_Area_Index,Temperature,Humidity,Rainfall,Soil_Moisture,Expected_Yield,Crop_Stress_Indicator,Pest_Damage,Crop_Type,is_stressed
0.831,0.701,58.63,5.8,23.55,61.38,65.87,24.63,7.4,0.68,4.95,Maize,0
0.61,0.783,54.52,4.59,20.78,79.34,67.75,22.03,7.22,19.71,0.62,Rice,0
0.242,0.258,24.82,1.71,28.84,32.84,8.18,6.92,2.02,94.24,20.31,Rice,1
0.626,0.742,51.53,5.37,20.41,88.45,67.1,37.18,7.43,20.13,3.84,Wheat,0
0.206,0.127,22.35,2.98,28.47,35.21,0.09,11.23,2.48,81.45,39.35,Wheat,1
0.614,0.627,52.73,5.33,23.9,75.42,51.85,29.73,7.36,0.87,9.0,Rice,0
0.294,0.283,28.98,1.86,29.55,48.44,17.19,9.68,2.1,87.46,37.53,Rice,1
0.619,0.691,46.17,4.56,23.95,71.91,59.46,28.56,7.97,36.45,11.04,Rice,0
0.869,0.74,57.5,5.2,19.73,65.84,88.07,21.11,6.16,37.35,4.19,Maize,0
0.746,0.582,47.85,4.39,22.69,66.32,82.73,31.95,6.71,21.96,3.69,Wheat,0
0.209,0.272,34.74,2.49,29.21,36.72,2.97,8.84,2.78,95.01,38.61,Maize,1
0.47,0.357,30.67,2.88,33.9,36.94,19.83,11.74,2.31,73.48,36.9,Rice,1
0.826,0.655,48.82,5.55,18.33,62.39,90.48,27.47,7.87,10.98,9.49,Maize,0
0.319,0.161,28.11,2.23,32.7,49.13,19.4,9.4,2.13,94.72,31.23,Rice,1
0.483,0.333,32.97,1.09,34.31,50.0,4.4,9.66,3.0,99.83,42.1,Wheat,1
0.437,0.316,21.17,2.75,30.24,47.31,11.78,5.93,3.86,94.72,47.61,Wheat,1
0.365,0.127,33.11,2.42,28.93,42.85,14.66,11.53,2.21,70.22,49.8,Rice,1
0.422,0.375,25.24,2.62,28.82,42.99,14.61,13.97,3.35,86.24,48.38,Wheat,1
0.855,0.628,56.26,4.3,18.85,80.39,76.34,35.83,7.5,4.17,6.96,Maize,0
0.774,0.569,57.68,4.65,18.93,89.77,85.78,35.97,6.77,10.36,13.22,Rice,0
0.865,0.514,45.08,5.59,22.77,82.74,51.52,25.28,7.81,15.85,9.66,Wheat,0
0.684,0.773,48.77,4.85,18.5,85.29,79.02,36.74,7.12,28.51,6.08,Rice,0
0.772,0.798,59.96,4.71,18.06,76.03,76.14,36.7,7.97,29.99,8.57,Maize,0
0.834,0.58,57.2,5.86,21.05,86.55,60.6,38.42,7.66,12.31,14.09,Wheat,0
0.236,0.298,20.69,1.75,32.75,49.71,13.0,11.96,3.2,93.29,28.15,Rice,1
0.301,0.391,33.8,1.25,30.28,42.12,5.76,9.23,2.63,80.99,23.61,Wheat,1
0.404,0.282,32.82,2.35,29.0,47.39,19.92,14.52,3.72,90.3,48.22,Rice,1
0.819,0.607,55.31,5.12,19.57,61.56,99.35,37.69,7.86,36.88,6.28,Maize,0
0.707,0.735,58.74,5.72,18.73,62.4,98.43,27.16,7.49,11.31,13.61,Maize,0
0.657,0.797,58.47,4.37,24.6,67.09,77.38,37.75,7.42,1.15,10.68,Rice,0
0.362,0.27,24.91,2.29,33.59,40.24,0.44,7.04,3.46,92.1,35.76,Maize,1
0.393,0.11,21.01,1.3,34.58,40.57,8.96,11.11,3.99,97.82,29.3,Wheat,1
0.875,0.685,47.49,4.12,20.17,69.81,54.2,34.68,6.11,10.63,12.81,Wheat,0
0.423,0.295,26.02,1.41,32.57,40.73,15.47,12.62,2.91,80.86,38.8,Rice,1
0.345,0.337,25.57,1.23,29.21,49.19,6.92,9.94,2.93,89.55,31.68,Maize,1
0.26,0.38,21.66,1.57,31.85,48.62,2.71,10.08,3.22,87.94,44.89,Maize,1
0.834,0.777,47.38,5.78,20.77,72.02,40.46,27.56,6.47,14.1,13.13,Rice,0
0.455,0.25,20.26,1.42,33.8,37.48,10.91,5.18,3.94,76.71,43.08,Wheat,1
0.775,0.602,57.92,4.69,22.24,87.79,70.82,28.24,7.48,11.32,7.63,Maize,0
0.764,0.632,47.2,4.89,20.41,74.67,92.55,29.93,6.29,8.32,9.8,Wheat,0
0.421,0.245,22.78,1.74,29.8,30.2,16.58,12.38,2.13,77.32,21.15,Wheat,1
0.239,0.299,26.87,2.9,28.07,48.12,9.64,10.89,3.63,88.29,32.17,Maize,1
0.352,0.188,34.4,2.92,28.9,43.19,4.67,8.38,3.0,77.57,37.6,Wheat,1
0.469,0.1,33.2,1.84,28.62,40.27,17.92,5.76,3.3,76.18,33.01,Rice,1
0.657,0.587,49.77,5.76,19.3,67.98,63.95,37.66,6.62,11.18,14.32,Rice,0
0.832,0.626,50.2,5.52,21.03,79.47,61.75,23.34,6.13,19.23,5.86,Rice,0
0.84,0.75,59.35,4.12,22.2,66.71,74.36,21.32,7.09,8.06,3.08,Wheat,0
0.677,0.762,59.99,4.51,20.07,73.02,51.21,28.1,7.25,33.84,5.5,Maize,0
0.688,0.567,59.64,4.49,19.61,76.22,88.61,20.67,7.3,33.65,13.64,Wheat,0
0.729,0.534,47.67,5.56,24.58,89.06,49.55,22.38,7.65,24.32,10.57,Wheat,0
0.469,0.154,24.54,1.3,29.1,49.51,16.02,7.97,2.09,95.79,27.79,Maize,1
0.435,0.358,23.99,1.3,33.84,39.29,11.54,9.03,2.23,79.78,40.77,Wheat,1
0.83,0.53,55.75,4.29,18.03,75.74,89.93,31.9,7.94,7.17,0.31,Maize,0
0.276,0.166,24.21,2.36,32.03,31.68,8.16,14.54,2.83,80.32,27.5,Maize,1
0.249,0.101,24.61,2.95,30.32,31.36,19.28,7.78,3.91,93.1,40.9,Maize,1
0.492,0.147,26.23,1.33,31.43,43.82,7.97,10.79,3.27,86.86,38.87,Wheat,1
0.826,0.68,51.9,5.57,19.22,80.63,48.59,27.43,7.38,19.13,0.29,Wheat,0
0.487,0.369,23.64,2.45,29.63,39.9,19.61,14.16,2.16,99.07,36.74,Rice,1
0.35,0.192,30.98,1.37,31.74,44.87,19.97,10.15,2.65,80.83,42.64,Maize,1
0.342,0.283,31.01,1.74,34.49,32.67,5.38,9.45,3.21,88.05,42.28,Maize,1
0.685,0.641,46.86,5.99,19.74,75.48,95.67,34.6,6.71,17.81,6.48,Wheat,0
0.899,0.753,45.53,4.49,21.22,78.16,94.54,22.1,7.73,31.87,6.12,Maize,0
0.695,0.573,48.47,5.41,18.36,86.7,49.67,32.17,7.07,25.26,11.51,Maize,0
0.357,0.343,24.32,2.15,29.04,39.27,19.93,5.66,3.49,72.53,40.15,Rice,1
0.3,0.14,26.35,2.05,29.52,35.24,17.43,11.06,3.48,93.82,34.37,Maize,1
0.68,0.661,54.32,5.16,21.4,78.35,77.78,32.49,7.08,5.56,12.78,Rice,0
0.319,0.245,21.22,1.86,28.73,35.89,6.56,9.55,2.64,78.45,24.03,Maize,1
0.889,0.538,56.97,5.6,20.5,83.51,56.94,38.22,6.54,39.89,2.33,Maize,0
0.31,0.338,30.03,2.45,31.49,38.21,16.03,10.37,2.99,98.94,44.51,Wheat,1
0.293,0.266,24.88,2.91,30.9,49.83,8.92,14.75,2.16,94.68,32.03,Wheat,1
0.674,0.749,45.31,4.65,20.94,74.64,44.77,32.91,6.66,22.11,14.57,Wheat,0
0.472,0.194,20.85,1.37,32.12,45.59,1.07,5.75,2.49,95.69,33.61,Maize,1
0.787,0.579,58.36,4.37,19.48,80.92,89.07,34.75,7.66,35.15,14.57,Wheat,0
0.215,0.312,28.03,2.7,28.7,37.54,8.39,6.85,2.72,93.55,33.12,Wheat,1
0.255,0.196,27.96,1.94,32.3,39.89,0.18,7.84,3.55,92.64,28.81,Wheat,1
0.348,0.167,24.82,2.48,30.65,47.73,18.39,5.86,2.68,88.68,40.67,Rice,1
0.487,0.334,31.08,2.47,34.17,49.42,0.61,14.64,2.16,86.84,49.26,Maize,1
0.704,0.771,46.89,5.88,24.15,81.81,79.42,37.05,7.45,22.08,9.1,Wheat,0
0.761,0.533,51.36,5.91,18.34,73.77,44.12,23.5,6.28,30.23,10.44,Wheat,0
0.645,0.641,57.27,4.11,19.7,85.22,75.93,37.4,7.71,20.71,9.99,Rice,0
0.833,0.653,47.43,5.99,24.59,65.13,85.66,37.88,6.03,34.27,4.24,Rice,0
0.386,0.151,26.15,2.12,33.46,49.64,4.94,9.13,3.16,81.47,48.73,Rice,1
0.202,0.38,25.87,2.4,30.15,45.18,1.38,5.24,3.69,98.45,34.6,Wheat,1
0.461,0.368,29.27,1.58,28.56,38.03,17.97,12.16,2.42,85.67,26.49,Rice,1
0.626,0.794,53.52,4.58,19.6,73.8,53.94,23.79,7.79,5.13,5.73,Wheat,0
0.663,0.521,53.49,4.41,18.41,76.91,52.45,25.42,6.12,31.93,4.6,Wheat,0
0.648,0.792,49.67,4.19,18.13,77.68,99.82,38.07,7.01,3.92,4.38,Maize,0
0.334,0.328,27.36,1.16,28.9,35.49,8.06,14.73,2.88,85.71,28.34,Maize,1
0.461,0.232,34.8,2.44,31.24,31.14,3.99,13.99,3.85,93.64,49.79,Rice,1
0.388,0.293,33.38,2.62,29.85,44.43,15.33,6.24,3.53,97.15,32.02,Maize,1
0.606,0.787,54.69,4.82,21.49,68.99,85.24,31.67,7.66,5.22,3.24,Rice,0
0.631,0.535,49.33,4.22,20.8,68.53,73.15,25.96,6.43,25.33,5.39,Rice,0
0.444,0.188,27.59,1.41,31.98,34.71,0.64,9.76,2.59,77.76,46.42,Wheat,1
0.23,0.39,25.32,2.32,28.95,35.55,5.73,8.25,2.63,84.92,28.58,Wheat,1
0.881,0.512,53.52,4.69,22.43,87.27,55.55,29.53,7.91,0.37,9.23,Wheat,0
0.674,0.775,57.26,5.64,21.73,63.97,87.62,20.58,6.32,39.94,1.66,Rice,0
0.884,0.789,59.39,5.7,22.96,71.07,97.01,35.15,7.24,2.95,11.98,Rice,0
0.861,0.6,56.26,4.3,23.11,65.55,75.28,33.02,6.56,23.16,11.15,Rice,0
0.447,0.276,34.01,2.43,30.2,46.66,0.51,13.85,3.78,78.86,22.8,Wheat,1
0.824,0.65,56.04,4.33,22.04,80.68,59.99,22.72,6.7,38.87,1.47,Maize,0
0.355,0.31,27.78,2.29,32.29,40.07,19.42,14.26,2.18,99.44,46.02,Rice,1
0.604,0.719,52.1,4.68,18.77,82.24,63.68,26.73,7.17,25.3,3.1,Wheat,0
0.225,0.131,30.5,1.96,28.61,42.36,4.31,11.46,3.46,89.2,34.34,Rice,1
0.223,0.326,30.23,2.86,32.58,37.71,5.74,5.01,2.86,91.52,49.44,Wheat,1
0.244,0.302,23.45,1.33,30.11,48.87,16.86,12.73,3.87,95.97,36.14,Wheat,1
0.487,0.159,29.62,1.07,33.13,38.67,13.54,12.54,3.9,71.39,46.14,Maize,1
0.278,0.179,26.77,2.77,34.26,48.08,12.77,11.92,2.36,80.0,24.65,Wheat,1
0.646,0.585,48.22,4.03,20.29,86.38,65.19,26.42,6.92,30.08,3.46,Rice,0
0.412,0.237,22.38,2.09,31.2,49.36,5.43,5.71,2.99,95.86,29.46,Wheat,1
0.393,0.297,28.62,1.87,31.54,47.92,1.54,5.52,2.47,71.35,43.85,Maize,1
0.603,0.686,51.35,4.26,19.67,89.17,89.56,39.68,6.75,5.94,14.52,Rice,0
0.725,0.68,45.06,5.39,22.1,63.65,43.71,36.73,6.27,34.35,4.94,Wheat,0
0.305,0.355,25.51,1.81,32.5,49.33,2.36,9.05,3.24,79.84,31.3,Maize,1
0.216,0.195,34.73,1.05,31.92,48.51,1.2,10.96,3.62,94.18,25.36,Wheat,1
0.821,0.627,56.13,5.4,24.46,68.41,66.61,34.47,6.41,5.29,12.22,Wheat,0
0.399,0.38,27.72,2.36,32.62,37.96,5.3,7.42,3.49,74.7,31.35,Wheat,1
0.679,0.742,58.95,5.64,21.07,60.61,84.11,28.21,6.38,10.99,9.9,Rice,0
0.786,0.667,49.87,4.36,20.08,77.91,41.53,36.77,6.45,33.42,14.2,Rice,0
0.301,0.145,31.74,2.46,28.8,32.3,13.67,8.2,3.8,71.1,41.63,Rice,1
0.262,0.109,20.49,1.95,32.0,49.08,4.12,12.75,2.66,82.18,47.75,Wheat,1
0.247,0.264,21.68,2.16,30.61,39.82,14.42,9.67,2.11,84.65,24.42,Maize,1
0.481,0.305,22.78,1.16,33.07,44.09,14.44,14.89,2.3,87.89,47.29,Wheat,1
0.373,0.206,21.15,1.04,34.09,44.04,6.84,8.85,2.12,71.2,47.19,Wheat,1
0.73,0.688,55.21,4.63,22.61,67.6,43.92,36.57,7.69,7.07,14.78,Wheat,0
0.244,0.221,30.62,2.24,32.22,41.61,19.59,9.74,3.75,83.08,43.47,Maize,1
0.457,0.386,32.34,2.32,33.45,34.99,18.57,7.27,2.09,71.59,37.53,Wheat,1
0.752,0.578,54.56,5.02,23.99,78.91,75.06,26.97,6.37,6.04,8.49,Maize,0
0.372,0.187,21.15,2.21,32.82,45.48,0.24,10.35,3.08,94.99,31.94,Rice,1
0.205,0.278,23.58,2.62,31.91,31.15,8.14,9.82,3.53,99.06,38.33,Maize,1
0.629,0.632,59.49,5.14,22.83,69.69,97.93,37.4,6.4,39.57,2.1,Maize,0
0.794,0.665,49.58,5.02,21.75,81.38,69.93,38.71,6.05,14.24,3.57,Wheat,0
0.444,0.208,31.6,1.94,34.93,38.17,19.31,7.61,3.01,72.64,38.85,Rice,1
0.388,0.264,26.33,1.16,32.61,42.22,1.33,13.85,2.72,87.9,46.4,Wheat,1
0.84,0.611,56.38,4.14,22.57,78.05,78.01,21.92,7.99,21.19,7.11,Maize,0
0.368,0.17,32.79,1.48,30.14,44.69,4.74,9.1,2.13,92.55,25.89,Wheat,1
0.755,0.513,46.75,4.02,18.63,65.5,88.1,37.66,7.89,37.14,7.85,Rice,0
0.663,0.707,51.7,5.78,19.6,82.07,59.14,21.59,7.16,26.7,6.38,Maize,0
0.459,0.326,33.12,1.03,28.91,39.54,16.79,11.01,2.39,78.69,35.11,Rice,1
0.66,0.652,50.31,4.76,23.87,75.89,80.47,21.9,6.93,25.8,2.45,Rice,0
0.643,0.772,51.85,5.86,24.92,68.89,74.75,29.83,7.62,2.06,1.21,Maize,0
0.243,0.131,22.74,2.52,30.63,43.84,3.54,14.98,2.09,73.53,48.02,Rice,1
0.743,0.587,56.91,4.21,18.55,72.57,84.02,36.28,6.07,13.83,14.94,Maize,0
0.666,0.62,55.83,5.27,19.91,75.56,80.24,21.81,6.95,34.43,3.89,Rice,0
0.437,0.214,27.61,2.43,32.13,38.45,0.87,12.0,3.33,91.28,28.46,Rice,1
0.396,0.264,33.18,1.78,29.58,37.32,17.97,6.27,2.99,89.26,34.72,Maize,1
0.703,0.716,56.6,5.43,19.97,74.7,47.35,20.96,6.05,12.22,2.16,Rice,0
0.289,0.338,26.81,1.64,28.33,44.49,2.12,14.72,3.96,96.81,35.27,Wheat,1
0.399,0.279,31.02,1.17,31.23,41.27,10.91,6.21,3.66,89.72,49.78,Rice,1
0.71,0.666,51.88,4.44,21.29,74.74,50.38,37.31,7.48,4.39,10.13,Rice,0
0.757,0.641,50.84,4.86,23.89,83.69,61.69,36.15,6.63,4.46,1.46,Rice,0
0.867,0.763,55.52,4.09,21.74,89.97,93.58,26.35,7.13,30.66,8.55,Wheat,0
0.281,0.184,27.14,2.26,33.29,43.37,2.81,10.08,2.14,76.69,31.23,Maize,1
0.797,0.752,47.9,4.38,24.48,84.04,46.65,24.35,6.55,11.56,0.85,Rice,0
0.775,0.642,50.02,4.21,23.29,88.73,84.84,28.96,6.69,30.88,4.94,Wheat,0
0.739,0.602,52.28,5.9,20.79,86.62,65.07,24.58,7.59,18.53,5.85,Rice,0
0.669,0.531,55.73,5.44,23.8,84.48,84.1,25.71,7.48,4.49,5.51,Rice,0
0.865,0.716,50.79,4.35,20.09,72.31,52.61,31.02,7.91,6.59,3.69,Maize,0
0.811,0.77,49.29,5.55,20.56,85.8,79.31,22.14,6.19,29.98,1.77,Maize,0
0.642,0.694,52.82,5.59,22.76,62.48,53.33,34.51,6.13,6.87,2.54,Wheat,0
0.662,0.527,50.65,4.62,18.47,87.23,82.89,39.33,7.52,3.25,4.95,Rice,0
0.313,0.39,34.92,2.87,31.15,43.71,12.25,6.46,3.82,97.66,26.73,Wheat,1
0.872,0.727,58.25,5.47,18.93,73.89,44.07,28.79,6.22,34.13,5.49,Rice,0
0.212,0.253,24.34,1.5,33.75,43.89,7.63,9.02,3.13,88.2,34.89,Rice,1
0.28,0.181,22.16,2.99,29.34,39.88,10.92,5.53,2.14,99.57,21.15,Rice,1
0.397,0.173,31.14,1.66,30.2,30.01,14.68,11.23,2.37,91.55,27.77,Wheat,1
0.269,0.344,26.97,2.58,31.84,32.45,0.97,13.53,3.55,71.94,49.0,Maize,1
0.392,0.173,33.59,1.26,31.02,48.56,12.53,13.75,3.48,80.74,33.47,Wheat,1
0.336,0.397,26.49,2.5,31.58,45.22,19.42,10.0,2.15,89.92,23.15,Wheat,1
0.271,0.398,31.52,2.14,33.3,34.24,1.28,6.0,3.61,80.19,34.49,Maize,1
0.825,0.614,56.79,5.41,18.02,80.96,45.8,32.34,7.62,16.79,11.27,Rice,0
0.411,0.268,20.95,2.09,31.62,36.01,19.03,12.18,3.26,91.68,27.37,Rice,1
0.802,0.729,47.37,5.4,24.5,84.03,65.6,33.91,6.81,36.55,2.63,Wheat,0
0.289,0.263,33.99,1.54,32.86,35.03,11.13,7.2,3.74,73.86,44.14,Rice,1
0.36,0.318,20.3,2.97,33.25,30.44,19.16,8.95,2.91,90.42,41.48,Wheat,1
0.214,0.129,32.58,2.38,33.79,47.48,10.84,12.26,2.89,95.17,40.58,Rice,1
0.633,0.653,51.23,4.13,19.48,72.02,41.93,36.59,7.68,4.54,13.82,Maize,0
0.395,0.253,28.02,2.72,32.15,47.01,14.16,10.14,3.98,78.56,30.03,Wheat,1
0.869,0.583,52.38,5.73,24.43,69.1,68.46,31.37,6.91,19.64,0.79,Maize,0
0.858,0.787,48.79,4.54,24.5,67.25,63.75,36.11,7.93,12.8,2.99,Rice,0
0.874,0.748,49.08,5.94,23.51,82.13,60.94,21.72,7.13,18.05,13.45,Wheat,0
0.84,0.564,45.22,5.43,20.57,87.83,53.94,26.19,7.47,26.63,5.94,Wheat,0
0.858,0.711,55.66,4.88,20.68,79.4,90.73,23.57,6.73,18.85,2.42,Rice,0
0.331,0.293,25.53,1.3,29.53,33.85,5.44,9.9,2.94,79.02,21.73,Maize,1
0.69,0.512,58.96,5.92,18.38,77.46,90.33,25.37,7.54,35.67,14.59,Wheat,0
0.866,0.524,45.91,4.83,22.21,73.51,79.4,35.96,6.77,33.86,4.14,Rice,0
0.493,0.272,21.61,1.51,32.62,39.8,2.74,9.31,2.09,77.28,45.13,Rice,1
0.86,0.59,55.74,5.0,23.17,86.06,74.89,24.39,6.62,4.65,8.86,Rice,0
0.772,0.628,56.31,5.62,24.46,64.95,62.51,35.25,7.08,7.45,12.59,Maize,0
0.865,0.535,47.41,4.54,21.4,79.87,63.73,28.57,7.0,17.53,7.78,Rice,0
0.877,0.507,53.01,4.45,22.46,64.04,80.4,29.67,7.05,11.21,14.89,Wheat,0
0.684,0.506,57.0,4.24,21.83,60.33,73.61,38.26,6.14,28.02,11.35,Rice,0
0.701,0.603,59.03,4.51,24.21,62.39,77.53,33.06,6.36,3.81,12.42,Rice,0
0.372,0.319,26.93,2.4,28.01,35.55,6.64,14.11,3.45,84.06,49.71,Rice,1
0.869,0.711,53.31,5.04,22.37,71.83,49.71,25.23,7.13,12.75,13.25,Rice,0
0.885,0.57,45.21,5.18,20.36,85.2,70.08,31.18,7.13,0.91,9.09,Rice,0
0.327,0.171,20.33,2.16,32.7,40.12,12.89,5.75,2.35,78.21,24.53,Wheat,1
0.643,0.554,57.05,5.06,18.67,72.97,45.13,31.69,7.68,37.46,11.21,Wheat,0
0.358,0.3,29.92,2.68,34.59,42.52,0.43,8.68,3.48,98.07,47.94,Maize,1
0.646,0.611,49.1,4.94,19.38,88.6,76.58,35.86,6.73,2.56,6.75,Rice,0
0.673,0.716,49.54,5.11,19.58,89.18,75.82,32.42,6.59,13.78,2.08,Maize,0
0.386,0.223,28.53,2.69,32.03,48.19,9.0,9.28,2.99,94.2,29.75,Rice,1
0.473,0.291,34.9,2.15,33.37,49.9,11.18,6.93,3.65,71.89,48.7,Rice,1
0.461,0.254,24.78,1.18,33.82,45.74,9.67,10.65,2.55,83.2,41.61,Wheat,1
0.685,0.69,52.44,4.86,24.48,71.49,81.62,39.19,7.58,15.33,12.26,Wheat,0
0.279,0.125,31.09,1.74,28.39,40.71,5.52,13.45,2.68,93.45,23.28,Wheat,1
0.281,0.197,24.18,2.31,29.6,44.53,0.04,11.7,3.36,99.71,48.31,Wheat,1
0.353,0.125,27.91,2.99,28.69,42.47,19.9,7.42,3.59,88.46,44.33,Rice,1
0.752,0.612,47.57,4.51,20.24,65.51,49.36,31.98,6.6,0.82,2.14,Maize,0
0.419,0.32,26.16,1.68,33.46,43.58,16.92,9.14,3.61,89.22,44.46,Wheat,1
0.686,0.609,53.38,4.33,24.96,78.24,94.94,31.95,6.68,0.79,8.44,Rice,0
0.874,0.648,49.24,4.06,23.59,66.92,45.35,22.3,7.25,18.08,11.38,Rice,0
0.294,0.166,28.42,1.11,29.66,48.52,3.06,13.95,2.68,88.24,45.26,Wheat,1
0.47,0.387,20.29,1.6,31.6,49.95,3.77,8.99,3.09,80.62,33.8,Rice,1
0.442,0.252,26.17,2.52,29.87,31.01,10.46,10.97,3.04,78.49,46.86,Rice,1
0.255,0.144,28.19,1.53,29.87,45.15,18.46,12.55,2.93,85.91,34.12,Wheat,1
0.214,0.135,23.45,1.54,32.01,38.08,1.55,8.68,2.59,80.36,38.95,Rice,1
0.645,0.758,49.74,4.51,23.35,73.63,79.8,26.41,7.49,20.67,3.68,Maize,0
0.325,0.329,21.01,1.88,32.64,46.09,14.3,8.48,2.18,79.25,41.35,Rice,1
0.353,0.391,27.26,2.38,29.54,43.55,5.92,6.86,3.06,97.8,38.57,Rice,1
0.621,0.778,59.62,5.84,20.3,85.81,93.4,28.61,7.54,7.65,14.7,Rice,0
0.666,0.648,47.96,4.87,22.67,78.99,76.57,34.27,7.64,13.69,5.76,Rice,0
0.312,0.258,28.94,2.88,32.85,45.98,0.65,11.85,2.71,85.02,30.26,Rice,1
0.892,0.787,46.06,5.79,20.01,79.26,43.19,35.0,6.13,17.52,4.29,Rice,0
0.221,0.363,21.87,1.07,34.93,42.9,9.95,11.46,2.84,82.15,44.43,Rice,1
0.444,0.272,28.32,2.56,30.15,35.76,11.92,12.41,3.19,78.57,46.17,Maize,1
0.887,0.793,49.12,5.19,20.52,76.73,44.83,38.58,7.19,28.02,14.16,Rice,0
0.442,0.241,32.98,1.93,32.69,34.73,0.3,12.88,3.02,88.24,45.82,Wheat,1
0.736,0.654,58.68,4.85,21.47,67.72,66.31,20.55,6.08,31.06,3.43,Rice,0
0.603,0.509,52.59,4.38,18.06,61.02,87.09,34.32,6.93,1.99,3.22,Maize,0
0.265,0.316,20.97,1.81,33.36,41.98,2.35,7.51,3.91,87.21,27.46,Wheat,1
0.713,0.654,58.9,5.74,23.98,70.04,85.72,21.37,7.1,36.34,11.23,Maize,0
0.362,0.197,28.87,2.65,31.76,46.73,14.27,5.96,2.17,95.11,46.46,Wheat,1
0.373,0.331,29.65,2.51,33.45,46.95,4.81,12.9,2.54,76.55,48.53,Rice,1
0.33,0.324,21.28,1.76,29.83,49.81,11.2,10.37,2.83,88.19,29.12,Rice,1
0.445,0.206,21.63,1.12,34.74,32.12,3.18,12.98,2.48,79.64,26.29,Wheat,1
0.49,0.257,25.87,1.54,28.35,46.36,15.24,8.59,3.48,82.79,25.35,Maize,1
0.848,0.565,58.46,4.43,21.84,85.64,66.49,25.58,7.2,27.28,2.74,Rice,0
0.406,0.39,24.67,1.88,34.17,33.41,7.6,8.72,2.54,87.25,30.1,Rice,1
0.27,0.187,28.12,2.62,34.99,30.33,3.6,5.1,2.44,90.98,32.15,Maize,1
0.382,0.27,29.61,2.34,33.46,42.73,1.16,12.15,3.23,74.19,45.64,Maize,1
0.88,0.725,51.98,4.3,19.84,74.53,93.46,20.64,7.8,0.48,5.7,Maize,0
0.647,0.576,49.93,5.87,19.67,71.8,46.21,29.18,6.77,34.07,8.64,Wheat,0
0.877,0.636,48.36,5.87,19.07,71.67,91.55,35.46,6.64,13.98,14.21,Maize,0
0.783,0.644,46.57,5.43,19.07,88.4,51.03,37.58,7.99,6.27,10.58,Rice,0
0.348,0.356,22.21,1.44,33.14,32.21,4.09,5.08,2.52,76.84,47.93,Maize,1
0.674,0.673,58.66,4.85,19.71,64.64,59.47,32.12,6.31,35.53,1.13,Rice,0
0.253,0.19,20.82,2.25,31.23,40.31,4.45,8.15,2.2,97.35,49.48,Maize,1
0.439,0.181,29.22,2.45,32.71,42.34,5.73,11.66,3.34,84.88,28.52,Maize,1
0.287,0.257,30.41,1.02,30.51,46.07,6.61,10.81,3.14,93.79,30.53,Rice,1
0.39,0.252,34.37,2.69,33.02,42.94,19.89,11.89,2.12,76.53,48.63,Wheat,1
0.765,0.716,58.0,5.15,20.22,73.46,47.66,20.96,7.84,31.26,6.61,Maize,0
0.642,0.508,51.78,4.61,21.18,83.94,56.5,37.99,6.89,13.67,10.13,Rice,0
0.472,0.287,31.35,2.65,34.65,35.04,12.85,5.21,2.27,88.23,20.08,Rice,1
0.25,0.26,21.74,2.45,30.47,47.8,6.52,9.31,2.61,82.51,31.03,Wheat,1
0.718,0.646,50.37,5.88,24.25,67.87,57.67,38.56,7.62,0.02,7.51,Wheat,0
0.299,0.283,24.9,2.83,30.77,46.26,19.71,13.24,2.92,97.33,41.59,Wheat,1
0.357,0.315,27.07,1.53,33.5,40.61,2.86,8.42,2.98,75.76,39.37,Rice,1
0.654,0.582,48.03,4.93,24.08,85.02,97.39,38.03,6.73,11.22,4.64,Wheat,0
0.274,0.102,30.19,2.75,29.12,44.42,10.2,10.29,2.5,72.13,30.78,Wheat,1
0.211,0.308,20.35,1.62,34.74,31.9,12.89,8.74,2.35,71.88,42.58,Wheat,1
0.448,0.132,26.09,1.11,30.1,42.55,14.12,9.43,3.02,73.54,49.14,Wheat,1
0.335,0.25,25.14,1.85,33.02,37.09,0.11,5.24,2.66,79.38,40.69,Maize,1
0.845,0.784,46.96,4.41,20.39,76.54,51.4,20.4,7.67,4.97,6.22,Maize,0
0.854,0.594,57.2,4.87,19.53,81.25,81.29,20.94,7.59,23.35,3.36,Maize,0
0.685,0.572,49.29,5.09,19.75,66.12,68.34,36.02,7.87,30.28,11.37,Maize,0
0.447,0.22,29.13,2.63,30.4,49.89,19.92,7.08,2.71,84.9,26.7,Maize,1
0.401,0.248,20.28,2.66,31.62,30.46,9.89,13.68,2.84,81.53,39.79,Maize,1
0.489,0.235,31.45,1.45,33.74,42.85,1.59,12.13,3.19,74.39,40.68,Rice,1
0.65,0.559,53.11,5.39,18.03,87.78,82.55,30.44,7.78,20.85,5.27,Rice,0
0.769,0.783,46.92,5.24,18.01,73.6,94.41,31.72,6.97,6.47,4.56,Maize,0
0.416,0.324,34.78,2.03,28.63,49.5,8.21,9.01,3.31,83.93,38.71,Rice,1
0.484,0.271,22.09,1.94,28.69,34.93,4.04,14.28,2.32,85.77,21.9,Wheat,1
0.75,0.781,57.22,5.17,18.94,60.43,59.1,36.43,6.54,7.9,11.78,Rice,0
0.227,0.255,30.24,2.21,31.96,32.1,18.43,11.96,2.33,87.58,47.97,Rice,1
0.614,0.515,47.31,5.48,19.14,83.83,82.7,33.71,7.94,17.82,1.85,Rice,0
0.272,0.392,33.48,1.8,30.24,36.76,7.67,12.24,2.55,85.35,44.65,Wheat,1
0.769,0.748,51.34,4.77,24.17,82.16,88.52,39.17,6.07,23.32,5.41,Maize,0
0.653,0.777,45.69,5.05,24.05,70.35,74.34,29.86,7.83,16.44,9.74,Maize,0
0.417,0.322,26.33,2.16,30.42,31.12,8.44,11.89,3.42,91.19,34.34,Maize,1
0.603,0.584,45.3,4.94,24.54,79.17,73.47,32.9,7.58,14.16,9.93,Maize,0
0.738,0.682,45.36,4.14,18.81,76.28,40.25,30.07,6.47,34.59,0.97,Maize,0
0.405,0.349,26.26,1.76,32.39,30.28,14.71,14.78,3.25,82.79,45.82,Wheat,1
0.26,0.252,28.05,2.04,34.35,42.88,6.75,5.03,3.4,89.56,20.5,Rice,1
0.697,0.541,48.53,5.53,24.69,69.93,48.29,31.2,7.38,24.3,2.56,Maize,0
0.866,0.643,54.26,4.24,19.38,89.11,96.29,30.51,7.37,17.6,10.0,Rice,0
0.477,0.29,29.26,1.02,32.41,34.84,9.11,6.19,2.39,79.12,22.61,Rice,1
0.747,0.774,58.67,5.58,22.96,87.99,91.31,34.0,7.01,1.43,12.92,Rice,0
0.224,0.29,21.9,2.26,33.99,41.62,13.55,14.71,2.99,97.19,26.43,Rice,1
0.438,0.211,32.85,1.86,34.69,33.37,3.46,13.86,2.96,98.4,32.1,Maize,1
0.452,0.328,29.59,1.51,33.36,47.6,11.27,10.08,2.77,95.36,41.04,Rice,1
0.875,0.508,55.58,4.42,20.03,75.37,73.4,25.02,7.28,16.39,11.52,Wheat,0
0.702,0.69,52.24,5.01,18.97,69.78,66.43,26.94,6.59,7.39,9.63,Maize,0
0.207,0.123,25.82,2.1,30.14,49.22,18.32,5.92,3.43,85.23,25.04,Rice,1
0.68,0.753,59.53,4.28,19.18,61.6,81.47,26.67,7.91,1.08,4.87,Wheat,0
0.746,0.608,50.5,4.56,19.3,63.99,66.14,31.88,7.39,32.28,2.35,Maize,0
0.347,0.388,33.97,2.54,28.92,37.14,15.02,7.4,3.7,95.04,36.37,Rice,1
0.224,0.111,34.02,1.77,33.22,44.87,13.12,11.57,2.63,72.43,38.8,Maize,1
0.328,0.251,34.54,1.9,31.23,44.33,15.4,10.03,3.05,79.54,21.21,Rice,1
0.302,0.212,33.34,1.52,30.42,48.94,2.16,5.45,2.73,80.08,23.75,Maize,1
0.775,0.555,46.21,4.61,20.53,82.3,88.0,30.33,6.42,3.38,10.37,Maize,0
0.384,0.271,25.14,2.46,32.8,34.33,8.58,8.19,2.52,93.61,45.44,Rice,1
0.815,0.576,58.56,4.55,24.68,63.34,89.26,21.56,6.94,23.91,6.22,Maize,0
0.784,0.766,56.96,4.4,18.75,72.43,62.28,34.44,6.46,19.7,9.23,Rice,0
0.76,0.636,48.05,4.18,18.37,65.55,85.63,38.77,7.7,33.68,0.31,Rice,0
0.855,0.515,45.67,5.3,23.4,89.9,91.86,23.08,6.6,31.38,0.39,Maize,0
0.781,0.688,53.06,5.62,24.61,61.94,44.81,24.58,6.87,15.07,1.23,Rice,0
0.697,0.798,54.72,5.99,24.73,79.25,81.74,37.08,6.54,36.86,14.06,Wheat,0
0.254,0.261,25.69,1.9,33.38,31.17,4.55,12.86,3.5,86.01,32.13,Maize,1
0.694,0.553,58.82,5.83,24.18,78.03,84.03,20.0,7.68,3.03,3.42,Rice,0
0.37,0.298,34.85,1.72,33.49,49.51,2.59,8.69,3.86,86.07,48.47,Wheat,1
0.42,0.341,20.4,1.35,33.42,34.24,12.37,9.43,2.65,72.1,48.47,Rice,1
0.258,0.399,25.9,1.14,33.41,35.9,2.2,13.8,3.21,78.12,28.77,Maize,1
0.666,0.664,52.88,5.05,24.61,63.3,78.98,28.97,6.62,27.05,3.67,Wheat,0
0.703,0.578,49.92,4.01,24.2,86.09,67.32,37.02,7.11,11.43,4.66,Wheat,0
0.636,0.753,54.65,4.09,22.68,77.88,65.08,20.15,6.55,34.14,13.54,Wheat,0
0.359,0.375,21.33,1.72,28.74,36.64,2.45,6.86,3.81,99.69,42.56,Rice,1
0.772,0.659,58.97,5.36,20.86,89.0,83.04,39.52,7.98,6.67,5.34,Rice,0
0.607,0.506,48.23,5.37,19.5,65.39,97.54,23.2,7.56,11.22,14.3,Maize,0
0.253,0.277,28.3,1.87,30.51,38.62,11.08,6.47,3.38,79.71,34.09,Wheat,1
0.644,0.783,49.25,5.96,19.75,77.15,54.4,31.4,7.94,22.69,5.26,Maize,0
0.8,0.672,59.87,4.59,19.33,88.03,83.23,26.96,7.84,29.69,7.18,Maize,0
0.447,0.194,25.17,1.9,34.83,47.64,10.74,10.31,3.42,78.47,28.9,Rice,1
0.828,0.728,51.44,5.58,24.45,73.41,59.34,39.89,7.65,25.61,1.47,Wheat,0
0.862,0.577,58.03,4.44,19.49,85.88,99.88,22.9,6.13,7.87,11.97,Wheat,0
0.321,0.344,30.56,2.94,34.23,36.68,7.73,12.24,3.89,71.8,45.54,Rice,1
0.213,0.367,31.69,1.48,29.15,44.96,8.6,9.16,3.79,91.26,45.81,Maize,1
0.398,0.216,33.51,2.74,28.5,39.14,9.53,10.39,3.39,78.71,48.27,Maize,1
0.455,0.261,27.84,2.76,29.08,49.08,0.35,13.93,3.5,78.03,46.32,Rice,1
0.814,0.699,48.06,5.99,20.58,84.53,53.52,25.53,7.62,4.69,13.74,Maize,0
0.639,0.533,50.78,4.51,21.97,66.77,68.29,26.91,6.5,7.91,12.74,Rice,0
0.418,0.109,32.58,2.22,34.69,30.93,0.53,9.37,3.11,92.97,29.67,Wheat,1
0.604,0.58,49.57,5.06,22.06,83.9,62.57,22.52,6.52,33.16,13.5,Rice,0
0.706,0.774,55.79,5.95,19.55,76.82,53.97,32.99,7.72,0.09,13.06,Wheat,0
0.67,0.729,56.06,4.82,19.86,71.47,94.01,21.19,7.26,29.3,0.18,Wheat,0
0.813,0.71,49.24,5.67,19.09,88.14,71.34,38.26,6.83,30.11,9.63,Maize,0
0.211,0.185,21.51,1.32,30.88,35.0,11.91,10.53,2.92,77.53,23.36,Rice,1
0.841,0.64,51.74,5.24,24.4,82.17,95.99,25.27,7.98,18.2,5.41,Wheat,0
0.396,0.213,26.12,2.82,32.02,44.76,17.0,14.96,3.21,81.16,22.57,Maize,1
0.417,0.331,26.84,2.62,33.18,40.83,14.53,9.07,2.15,88.28,26.26,Maize,1
0.5,0.214,27.35,2.41,33.05,33.42,13.65,7.92,2.04,90.13,24.38,Maize,1
0.332,0.254,21.12,1.68,34.18,49.72,19.06,13.96,3.92,97.56,47.24,Rice,1
0.807,0.601,56.44,4.15,24.66,86.96,72.05,38.66,6.92,31.55,11.59,Maize,0
0.7,0.541,58.77,4.31,18.34,80.28,68.33,34.94,6.93,38.19,13.12,Maize,0
0.801,0.673,55.54,4.99,24.63,85.91,91.48,29.45,6.38,31.21,13.38,Wheat,0
0.768,0.649,49.68,5.71,18.66,89.13,41.17,22.97,7.96,8.26,4.78,Rice,0
0.477,0.341,33.96,1.36,34.32,37.07,18.91,12.0,2.37,73.75,46.62,Rice,1
0.793,0.554,56.16,5.18,24.47,89.8,85.72,22.53,6.45,34.48,13.28,Maize,0
0.463,0.1,25.44,2.42,33.15,49.78,3.8,10.72,2.47,97.6,26.56,Maize,1
0.261,0.377,34.24,2.43,32.18,38.88,15.06,7.85,2.65,87.85,45.96,Rice,1
0.209,0.322,30.36,1.98,28.3,43.67,1.99,7.92,2.99,95.3,32.14,Rice,1
0.604,0.761,45.98,4.22,22.54,81.38,87.26,21.76,7.51,32.52,8.44,Maize,0
0.482,0.309,23.96,1.65,31.06,44.36,11.67,12.09,2.46,71.03,25.49,Rice,1
0.894,0.572,54.17,4.92,22.35,64.64,93.12,36.89,6.2,7.24,10.32,Rice,0
0.4,0.227,28.54,2.8,29.7,38.75,15.35,13.52,3.19,74.07,35.33,Rice,1
0.369,0.181,31.71,1.3,33.88,46.87,15.84,10.91,3.39,81.25,24.1,Wheat,1
0.74,0.563,48.58,5.17,24.08,82.83,98.73,26.33,7.17,35.82,0.94,Maize,0
0.306,0.327,28.51,1.22,32.9,46.45,0.25,11.21,3.34,76.74,44.17,Maize,1
0.45,0.34,34.23,2.93,30.69,48.33,18.24,7.82,2.72,86.53,27.81,Maize,1
0.426,0.167,22.19,2.89,30.86,33.83,12.6,8.36,3.47,95.18,42.03,Maize,1
0.613,0.717,55.69,4.79,24.01,69.14,83.99,24.35,7.21,2.52,2.37,Wheat,0
0.849,0.625,46.39,4.39,20.23,88.88,97.63,28.52,6.67,37.72,4.56,Maize,0
0.281,0.325,34.6,2.74,32.32,31.17,3.47,5.03,3.49,80.78,32.87,Wheat,1
0.482,0.109,21.48,1.93,31.24,45.54,18.87,8.92,3.06,80.0,26.25,Rice,1
0.681,0.61,57.1,5.21,18.59,85.26,84.51,28.83,7.06,0.41,12.61,Rice,0
0.418,0.156,21.63,2.47,34.62,41.43,9.13,9.55,3.74,83.16,23.47,Wheat,1
0.406,0.107,20.92,2.78,29.58,33.21,17.15,9.49,2.46,74.41,35.46,Maize,1
0.358,0.261,29.12,1.54,28.6,35.57,19.84,10.25,2.64,94.25,21.62,Rice,1
0.425,0.196,25.83,1.56,33.48,47.04,9.35,8.41,2.87,99.92,28.61,Rice,1
0.618,0.656,46.61,4.94,18.93,86.74,53.71,22.16,7.09,9.94,2.95,Rice,0
0.245,0.29,33.81,2.81,29.2,36.56,11.94,11.31,2.26,89.65,32.21,Rice,1
0.422,0.324,22.1,1.34,30.54,46.5,10.01,10.49,3.06,79.71,36.55,Wheat,1
0.629,0.538,51.55,5.89,23.57,69.95,59.79,34.02,6.02,8.59,6.69,Rice,0
0.356,0.174,28.55,1.13,34.34,47.77,7.93,7.03,3.6,83.15,20.41,Maize,1
0.236,0.279,34.85,2.91,32.81,47.97,19.24,13.09,3.35,86.44,35.34,Rice,1
0.455,0.102,31.58,1.57,28.79,33.73,13.04,13.83,3.16,77.03,46.55,Maize,1
0.785,0.698,54.24,4.14,24.85,64.86,99.99,34.06,7.57,15.95,8.25,Wheat,0
0.62,0.554,51.69,4.4,21.2,80.76,54.77,33.05,7.37,17.22,10.7,Wheat,0
0.743,0.728,48.41,4.21,19.0,84.51,80.6,36.59,6.72,22.82,10.13,Rice,0
0.891,0.638,51.94,5.25,22.3,76.3,58.1,35.63,7.26,11.26,2.15,Rice,0
0.329,0.216,34.86,3.0,28.95,32.99,2.91,8.81,3.55,71.9,48.78,Maize,1
0.898,0.733,55.95,4.77,20.13,69.12,42.37,20.09,6.4,8.77,6.6,Maize,0
0.217,0.355,24.11,1.76,29.31,46.94,3.22,9.35,2.21,78.8,29.87,Wheat,1
0.312,0.124,25.53,2.49,34.89,31.42,4.99,8.71,2.64,85.04,30.97,Rice,1
0.813,0.63,58.54,5.87,23.14,69.64,40.71,23.9,7.12,14.87,0.69,Rice,0
0.872,0.531,46.29,5.34,18.08,66.14,78.64,20.43,6.03,26.57,4.7,Maize,0
0.701,0.799,59.98,5.51,22.96,63.35,69.87,37.82,7.9,23.34,0.14,Wheat,0
0.285,0.325,33.71,1.89,31.5,38.58,2.5,9.71,3.34,83.28,40.66,Maize,1
0.307,0.127,31.62,1.08,30.84,39.61,5.19,11.19,2.58,84.58,41.34,Maize,1
0.868,0.502,59.31,4.03,18.85,87.65,63.0,32.39,6.23,29.19,0.51,Maize,0
0.36,0.342,27.63,2.71,32.75,40.07,5.93,10.52,3.9,88.27,35.07,Wheat,1
0.748,0.785,54.37,5.19,18.67,82.86,59.44,39.64,6.93,29.28,11.99,Maize,0
0.629,0.731,48.13,5.39,23.33,64.43,91.57,37.61,7.63,10.8,10.72,Maize,0
0.885,0.67,59.41,4.82,20.99,60.38,48.07,29.01,7.28,19.65,11.36,Rice,0
0.773,0.738,56.51,4.58,20.07,83.22,98.31,34.51,6.29,27.29,1.71,Rice,0
0.493,0.18,21.77,1.64,30.53,35.18,16.43,14.83,2.52,82.28,35.6,Rice,1
0.486,0.2,32.53,2.42,28.44,39.03,9.26,7.43,2.85,90.27,49.08,Wheat,1
0.664,0.593,51.76,5.69,20.56,65.6,85.97,26.3,6.84,37.23,10.22,Rice,0
0.202,0.173,33.59,1.26,31.56,39.96,16.05,5.43,3.46,72.06,25.28,Wheat,1
0.399,0.283,29.01,2.07,34.22,43.35,3.02,7.04,3.15,98.83,27.32,Rice,1
0.613,0.645,54.15,5.99,21.26,86.34,56.07,23.32,6.28,14.91,9.36,Maize,0
0.382,0.233,34.94,1.37,32.13,36.08,11.1,5.86,2.54,79.82,40.54,Wheat,1
0.25,0.16,29.87,1.73,32.99,34.38,13.77,8.93,2.13,82.71,20.57,Wheat,1
0.249,0.184,30.87,2.43,28.78,38.59,14.74,7.12,2.92,82.12,40.87,Maize,1
0.861,0.662,56.82,5.33,21.83,84.53,73.2,39.29,7.91,29.75,10.47,Rice,0
0.442,0.103,21.18,2.7,30.3,45.52,17.15,6.12,2.63,72.73,44.33,Wheat,1
0.317,0.393,27.52,1.92,28.41,39.46,16.58,12.19,3.78,86.98,46.82,Rice,1
0.8,0.638,55.52,4.22,24.19,60.33,57.72,38.25,6.02,14.16,5.78,Maize,0
0.785,0.793,57.49,4.08,19.85,81.28,89.83,20.89,6.88,10.95,3.99,Maize,0
0.435,0.389,33.83,2.88,30.6,43.69,2.76,13.15,3.38,85.55,45.35,Wheat,1
0.35,0.125,23.45,2.98,30.03,46.63,10.1,7.35,3.4,88.17,25.79,Rice,1
0.708,0.617,52.79,5.97,23.59,79.57,80.39,30.09,7.46,4.06,0.31,Rice,0
0.696,0.73,58.17,4.46,24.86,76.45,98.33,38.49,7.27,9.67,10.16,Maize,0
0.273,0.334,24.52,2.07,31.86,32.17,12.71,7.8,3.06,95.88,35.69,Maize,1
0.873,0.515,50.26,5.98,20.79,84.51,72.98,28.5,7.35,18.77,14.38,Maize,0
0.719,0.529,50.46,5.55,24.98,85.34,89.45,28.04,7.75,5.19,4.36,Rice,0
0.847,0.567,56.94,4.47,23.23,60.57,64.31,30.95,6.74,10.26,0.01,Maize,0
0.773,0.572,57.85,4.48,19.53,67.41,43.58,20.52,6.93,37.99,9.96,Wheat,0
0.441,0.369,30.94,2.08,30.26,47.68,16.04,8.28,2.33,74.02,30.81,Maize,1
0.269,0.264,31.61,1.22,31.18,31.86,14.64,8.81,3.0,76.89,32.03,Rice,1
0.834,0.55,49.93,5.26,21.42,76.82,83.36,22.33,7.79,8.79,1.39,Rice,0
0.697,0.708,50.55,4.23,19.45,85.44,63.43,39.06,7.78,23.3,5.69,Maize,0
0.802,0.664,57.31,4.2,23.61,77.63,52.47,23.7,6.89,7.54,8.3,Wheat,0
0.458,0.396,33.96,2.68,30.72,40.0,6.1,5.5,3.59,94.04,30.05,Wheat,1
0.344,0.349,32.79,1.93,30.01,39.22,12.5,12.19,3.57,95.0,47.02,Maize,1
0.807,0.51,45.2,5.91,22.49,73.18,73.39,31.28,6.15,32.58,6.67,Rice,0
0.891,0.678,49.1,4.28,20.52,79.79,61.92,25.45,7.93,17.51,7.6,Rice,0
0.457,0.228,33.91,1.1,32.53,41.9,14.75,9.82,2.64,73.35,24.35,Wheat,1
0.692,0.676,51.15,5.94,23.35,82.43,86.18,34.04,6.24,7.67,9.6,Wheat,0
0.354,0.35,27.22,1.47,33.02,41.02,8.01,12.75,2.32,70.43,31.74,Wheat,1
0.736,0.757,50.57,4.62,20.78,83.25,89.38,20.25,7.58,6.87,10.24,Maize,0
0.717,0.741,53.53,4.31,18.57,79.18,81.46,27.29,6.67,29.39,0.39,Rice,0
0.7,0.632,51.27,5.44,20.22,77.06,68.7,29.39,7.25,31.92,8.07,Wheat,0
0.309,0.151,31.04,1.22,31.84,46.41,6.26,8.92,3.76,89.37,43.54,Rice,1
0.463,0.16,25.0,1.46,30.05,30.68,11.53,12.11,3.55,70.53,22.26,Maize,1
0.685,0.554,48.63,5.34,19.63,76.37,88.81,28.77,7.8,39.74,0.42,Maize,0
0.214,0.197,33.56,1.1,29.2,31.88,8.91,7.91,2.52,92.77,26.96,Rice,1
0.341,0.218,24.95,1.86,34.96,48.03,16.88,9.18,2.38,93.18,49.12,Maize,1
0.21,0.144,30.83,1.33,32.19,30.61,18.58,11.07,3.91,73.67,42.57,Rice,1
0.288,0.205,23.54,1.57,33.33,43.23,17.37,10.53,2.99,83.57,47.39,Rice,1
0.298,0.346,25.21,1.06,29.35,49.65,19.07,10.84,3.03,85.26,35.98,Wheat,1
0.49,0.118,34.59,2.25,33.39,38.78,11.03,9.27,2.26,91.38,48.07,Wheat,1
0.265,0.368,31.62,2.91,28.31,36.5,15.2,12.78,2.5,96.03,31.79,Wheat,1
0.47,0.285,22.31,2.88,31.53,35.5,3.95,5.69,3.75,94.79,47.34,Wheat,1
0.829,0.779,54.7,5.6,23.12,62.01,40.44,25.67,7.58,18.66,0.79,Wheat,0
0.309,0.345,31.95,2.9,28.81,41.56,11.61,11.87,3.19,70.76,23.18,Maize,1
0.395,0.345,30.76,2.83,32.91,47.62,10.7,10.2,2.26,88.28,31.15,Maize,1
0.809,0.526,57.22,4.9,18.33,88.34,53.94,22.77,7.47,28.94,14.25,Maize,0
0.388,0.298,29.58,2.22,33.3,30.23,5.19,12.69,2.41,73.16,34.85,Maize,1
0.793,0.584,47.52,4.03,18.26,73.86,82.42,28.2,6.5,11.61,2.26,Rice,0
0.751,0.796,58.81,4.36,22.56,86.52,47.29,25.39,7.39,38.76,11.93,Maize,0
0.383,0.234,24.23,2.94,34.18,36.12,14.84,5.64,3.41,99.19,44.98,Maize,1
0.355,0.104,24.55,2.79,33.12,38.95,9.69,8.78,2.64,92.48,39.23,Maize,1
0.304,0.378,23.66,2.76,29.98,48.46,15.11,10.68,2.39,76.62,30.93,Maize,1
0.637,0.754,53.7,4.7,18.95,66.78,51.07,25.39,7.77,2.41,2.59,Wheat,0
0.405,0.336,33.82,2.77,28.44,45.44,19.17,14.32,2.26,97.9,35.17,Rice,1
0.471,0.107,34.64,1.86,33.97,39.73,18.69,6.25,3.02,94.52,40.81,Maize,1
0.219,0.265,29.61,1.49,28.09,30.35,12.85,8.51,3.04,99.5,31.31,Maize,1
0.377,0.275,31.19,2.02,34.59,47.8,7.24,9.16,3.57,97.4,46.43,Wheat,1
0.377,0.338,21.78,2.82,33.25,36.64,12.71,14.23,3.59,84.51,35.04,Wheat,1
0.787,0.739,46.22,4.03,21.4,76.13,66.08,20.04,6.78,34.95,10.21,Maize,0
0.627,0.714,59.1,5.37,22.44,67.35,84.98,35.7,6.76,14.31,4.29,Wheat,0
0.885,0.691,45.85,4.61,20.94,60.06,47.44,36.11,6.68,36.2,6.1,Maize,0
0.21,0.391,33.78,1.85,32.63,49.52,0.76,13.63,2.29,86.31,33.98,Wheat,1
0.664,0.609,58.18,5.83,24.88,61.73,90.19,30.85,6.89,16.78,9.64,Rice,0
0.361,0.316,25.42,2.76,31.81,37.76,17.66,7.19,2.34,99.09,26.39,Rice,1
0.299,0.289,26.01,1.04,34.01,43.99,7.67,7.69,2.2,77.57,27.66,Wheat,1
0.632,0.728,57.86,5.88,22.14,86.27,97.77,31.18,6.98,28.59,4.42,Maize,0
0.859,0.578,51.2,4.46,24.98,69.55,48.25,28.26,7.77,13.22,4.02,Maize,0
0.25,0.265,22.48,2.37,29.6,44.79,0.28,6.26,3.39,99.31,32.15,Maize,1
0.708,0.692,57.29,5.6,18.81,77.6,70.36,29.09,7.36,32.88,10.29,Wheat,0
0.205,0.257,30.69,2.74,31.05,43.98,0.88,11.64,2.94,76.01,22.08,Wheat,1
0.4,0.2,27.19,2.03,29.03,35.19,2.16,9.19,3.83,95.64,49.42,Wheat,1
0.645,0.56,49.3,5.75,19.74,74.64,70.21,24.61,7.52,27.26,2.63,Maize,0
0.356,0.309,30.36,1.15,29.09,41.74,2.58,12.45,2.83,82.69,45.28,Rice,1
0.256,0.233,25.32,1.11,30.34,38.72,3.82,13.9,3.3,87.7,42.06,Maize,1
0.692,0.707,45.15,4.85,23.76,71.84,97.0,34.38,6.33,10.88,10.05,Maize,0
0.454,0.165,33.45,2.93,28.14,39.76,3.6,6.63,3.55,98.13,21.55,Maize,1
0.639,0.744,52.14,4.16,23.21,73.71,44.13,34.56,6.86,10.45,4.69,Maize,0
0.485,0.24,27.13,2.86,33.89,35.13,19.71,8.82,2.23,87.29,39.43,Maize,1
0.39,0.153,21.91,2.5,33.67,33.73,17.64,11.29,2.85,73.56,22.69,Maize,1
0.405,0.367,20.99,1.53,34.93,32.05,1.3,10.71,2.97,84.63,48.92,Wheat,1
0.348,0.228,21.13,2.22,31.28,49.35,10.79,14.99,3.42,78.37,33.07,Wheat,1
0.219,0.339,20.23,1.63,31.78,45.6,3.21,9.64,3.66,75.56,39.58,Wheat,1
0.472,0.124,24.18,2.09,30.98,48.83,13.67,7.44,2.4,75.75,21.14,Maize,1
0.874,0.55,48.45,5.52,19.94,79.63,69.36,27.08,7.68,17.29,8.59,Maize,0
0.718,0.736,47.81,4.38,19.9,84.7,65.78,29.66,7.42,9.13,10.69,Rice,0
0.814,0.77,46.38,4.46,21.4,70.49,71.36,23.97,6.39,38.12,2.78,Wheat,0
0.797,0.795,53.39,4.42,21.75,65.07,61.25,25.44,7.56,21.36,1.37,Rice,0
0.635,0.625,55.4,5.07,21.96,65.33,59.53,22.65,7.49,13.07,5.77,Wheat,0
0.315,0.316,31.81,1.4,34.92,44.92,7.42,6.93,3.74,86.7,49.79,Rice,1
0.455,0.349,23.61,1.11,32.45,37.2,18.48,6.66,2.43,95.31,46.45,Wheat,1
0.859,0.565,47.96,4.75,19.88,74.5,43.06,36.17,7.32,22.41,11.22,Rice,0
0.628,0.767,46.12,5.35,21.67,77.01,89.08,31.79,7.93,39.14,13.08,Wheat,0
0.633,0.73,46.19,5.1,18.21,88.05,58.58,25.67,7.79,19.52,11.37,Rice,0
0.319,0.375,22.18,1.84,33.04,45.96,17.06,13.67,2.13,70.82,21.19,Wheat,1
0.265,0.391,29.03,2.59,29.18,45.75,15.68,13.92,2.17,92.82,27.06,Wheat,1
0.492,0.287,22.35,1.78,29.29,37.0,12.7,9.56,2.42,80.17,47.67,Maize,1
0.894,0.747,55.74,4.99,19.1,88.34,63.14,20.49,6.26,33.52,2.92,Rice,0
0.725,0.658,56.95,4.03,20.41,74.26,81.28,38.89,6.07,38.1,6.09,Wheat,0
0.71,0.584,52.26,5.2,21.17,83.06,51.68,26.74,7.76,21.99,14.76,Maize,0
0.837,0.591,54.1,4.65,21.36,89.99,76.5,22.95,6.93,4.92,8.22,Wheat,0
0.818,0.621,52.19,4.79,24.78,84.64,84.05,26.01,7.67,5.53,7.97,Maize,0
0.653,0.535,55.7,5.36,20.41,83.9,66.79,20.64,7.07,37.05,12.72,Maize,0
0.73,0.687,51.64,4.45,18.79,86.88,98.81,30.07,7.3,24.1,14.39,Wheat,0
0.314,0.121,31.3,2.8,30.58,33.15,7.79,13.95,2.23,71.54,36.06,Wheat,1
0.875,0.793,54.21,4.48,24.66,84.75,51.41,32.93,6.89,26.8,6.59,Maize,0
0.244,0.255,33.85,1.47,29.35,48.3,18.63,14.38,3.65,92.14,44.46,Maize,1
0.895,0.646,45.21,4.94,21.63,87.65,67.92,35.72,7.14,29.01,4.64,Maize,0
0.437,0.279,28.43,2.24,33.67,43.26,13.65,6.05,3.96,83.24,42.91,Rice,1
0.866,0.681,59.73,5.28,20.82,87.65,88.42,38.31,7.75,7.99,7.38,Maize,0
0.328,0.349,25.33,1.65,29.01,34.47,5.93,11.94,3.55,83.81,37.3,Wheat,1
0.417,0.304,31.3,2.89,32.36,40.94,4.09,10.0,2.14,81.74,29.47,Maize,1
0.651,0.559,58.69,5.23,23.73,71.71,45.37,35.54,6.82,6.21,12.0,Wheat,0
0.229,0.354,20.5,1.94,30.23,44.28,6.68,9.44,3.94,93.07,38.02,Maize,1
0.777,0.643,49.77,5.27,22.5,78.8,47.64,21.51,7.64,10.77,1.46,Maize,0
0.688,0.697,53.64,5.22,18.92,74.24,81.27,35.38,7.77,19.44,14.48,Rice,0
0.648,0.671,51.15,5.99,22.96,63.29,85.95,39.33,7.13,26.86,14.13,Rice,0
0.264,0.196,27.72,2.3,30.61,31.87,13.11,6.7,2.83,84.48,46.15,Wheat,1
0.887,0.616,50.84,4.36,23.26,72.35,52.43,34.67,6.85,22.88,8.77,Wheat,0
0.405,0.325,20.68,2.33,31.43,42.4,0.71,5.53,2.83,76.71,33.53,Maize,1
0.358,0.339,25.24,1.32,29.29,34.15,14.43,5.53,3.99,71.42,35.02,Wheat,1
0.674,0.787,52.32,5.38,22.53,87.12,58.44,21.06,6.88,34.83,10.22,Wheat,0
0.776,0.628,48.92,5.4,22.47,60.6,90.22,22.58,7.28,36.33,5.91,Wheat,0
0.305,0.134,25.55,2.32,28.35,40.01,19.94,11.36,3.77,97.55,28.67,Maize,1
0.375,0.308,30.73,1.42,34.07,39.85,10.15,12.46,2.68,88.72,24.16,Wheat,1
0.327,0.241,24.43,2.35,33.82,38.78,11.71,13.76,3.88,88.65,38.12,Wheat,1
0.89,0.785,53.82,4.21,24.73,63.18,49.75,33.56,6.15,24.85,7.08,Maize,0
0.474,0.291,22.45,2.56,34.54,47.02,1.76,8.15,2.6,73.99,30.01,Wheat,1
0.845,0.587,47.42,4.31,21.58,82.37,46.97,21.45,6.59,0.76,2.15,Wheat,0
0.602,0.612,59.16,5.11,21.08,79.06,80.25,23.84,6.92,27.64,10.21,Rice,0
0.897,0.685,45.62,5.59,24.56,83.85,59.58,35.08,6.48,35.67,8.8,Maize,0
0.711,0.518,58.04,5.9,18.27,77.94,85.09,37.42,7.5,21.11,4.14,Wheat,0
0.294,0.35,30.97,2.6,32.54,46.44,10.87,7.26,2.88,94.65,48.11,Wheat,1
0.667,0.604,54.7,5.94,22.94,89.46,57.56,38.63,6.33,28.56,5.46,Maize,0
0.679,0.614,57.61,5.94,19.74,62.05,60.64,38.31,7.84,26.73,6.07,Wheat,0
0.891,0.663,59.46,4.93,23.74,79.68,74.28,31.3,6.96,17.59,10.69,Rice,0
0.843,0.752,52.14,4.14,19.22,61.46,47.97,28.64,6.7,13.05,6.03,Rice,0
0.764,0.733,46.72,5.57,23.2,79.64,81.93,20.96,7.02,30.94,10.23,Rice,0
0.788,0.567,54.88,5.06,22.89,72.34,63.77,21.99,7.39,13.17,11.11,Maize,0
0.233,0.17,27.41,2.15,33.45,37.28,17.8,9.2,2.33,73.38,25.59,Maize,1
0.717,0.788,55.16,5.09,23.74,67.99,72.16,36.05,7.35,36.79,1.42,Wheat,0
0.364,0.31,32.75,1.93,29.46,35.54,1.02,12.51,3.62,71.01,21.1,Wheat,1
0.828,0.694,51.45,5.13,22.21,65.03,75.43,22.0,6.49,22.05,3.02,Maize,0
0.634,0.625,48.46,4.55,22.8,81.07,59.14,26.88,7.99,31.27,14.68,Wheat,0
0.753,0.609,51.36,5.45,22.57,68.85,62.82,38.97,6.06,26.99,11.15,Rice,0
0.405,0.324,27.2,1.21,28.41,47.24,13.23,13.91,2.54,91.26,28.43,Maize,1
0.406,0.143,25.42,2.98,34.77,49.19,14.92,5.78,2.07,91.71,36.76,Maize,1
0.779,0.646,48.27,5.16,23.93,82.32,88.13,20.53,7.1,3.45,5.1,Rice,0
0.363,0.259,32.76,2.56,33.8,39.35,15.85,10.11,3.15,82.62,44.91,Maize,1
0.601,0.58,57.92,5.62,20.19,64.23,49.32,23.1,7.29,9.16,3.36,Wheat,0
0.743,0.57,50.68,4.97,20.41,89.68,83.73,38.03,6.08,20.58,9.61,Maize,0
0.422,0.123,29.14,1.95,30.94,30.9,9.19,8.58,2.18,88.29,42.71,Wheat,1
0.305,0.393,26.58,2.58,29.03,46.54,18.51,12.1,2.32,95.1,46.03,Rice,1
0.35,0.269,22.08,2.31,33.38,39.08,5.51,9.82,3.43,92.74,33.58,Maize,1
0.644,0.531,58.47,5.12,19.99,64.47,46.3,36.12,6.1,32.77,3.78,Rice,0
0.757,0.651,45.22,4.72,18.57,66.42,82.54,39.62,7.17,29.02,14.65,Rice,0
0.491,0.206,23.44,1.04,29.57,44.73,10.83,6.64,2.18,78.17,38.47,Rice,1
0.786,0.643,52.52,4.18,24.5,62.12,44.68,25.53,7.47,24.03,0.44,Rice,0
0.71,0.729,56.88,5.16,24.1,86.91,41.02,38.82,7.68,21.29,4.6,Maize,0
0.331,0.128,31.76,2.45,29.68,45.87,10.54,11.1,2.12,89.96,40.45,Maize,1
0.84,0.573,50.91,4.23,18.09,81.82,83.35,25.44,7.09,19.65,5.74,Wheat,0
0.444,0.189,22.68,1.47,32.7,42.48,17.93,10.39,2.79,95.87,46.52,Maize,1
0.799,0.636,52.47,5.48,23.08,79.83,43.6,29.09,7.63,35.1,4.41,Wheat,0
0.211,0.333,27.33,2.47,31.17,48.96,18.29,9.06,3.79,74.97,42.81,Maize,1
0.276,0.316,30.54,1.74,33.42,48.81,17.48,13.36,3.01,93.55,46.53,Rice,1
0.749,0.771,46.47,4.15,24.1,60.84,62.19,38.05,6.77,28.85,7.3,Rice,0
0.776,0.521,47.52,5.78,20.4,77.91,55.84,23.87,7.16,2.05,14.19,Maize,0
0.838,0.738,50.04,5.02,18.84,71.52,43.76,38.7,7.94,29.01,13.92,Wheat,0
0.399,0.334,30.8,1.28,31.09,42.6,1.28,13.34,2.39,74.42,26.62,Rice,1
0.423,0.218,30.58,2.36,34.17,42.6,11.98,11.16,2.48,95.74,42.85,Rice,1
0.811,0.712,49.5,4.45,23.93,78.07,56.11,34.43,6.89,32.01,12.54,Maize,0
0.475,0.386,33.43,2.57,34.72,47.78,12.36,10.12,2.49,80.46,36.01,Maize,1
0.697,0.678,58.72,4.23,23.53,78.67,52.41,35.5,7.19,39.55,5.02,Wheat,0
0.674,0.543,49.65,5.25,22.71,69.53,57.49,33.89,7.42,1.37,14.36,Wheat,0
0.888,0.767,51.77,4.99,22.63,78.56,48.92,39.09,6.31,16.4,7.81,Maize,0
0.871,0.623,53.85,5.64,19.72,79.47,62.47,25.96,6.88,39.18,2.6,Maize,0
0.277,0.285,27.02,2.14,30.55,42.32,7.56,8.44,2.48,92.96,34.16,Wheat,1
0.216,0.167,25.91,2.03,31.51,47.24,12.76,7.14,3.51,89.54,35.15,Rice,1
0.889,0.735,58.66,4.72,18.5,63.09,51.69,28.21,6.69,10.09,3.84,Wheat,0
0.726,0.64,47.2,4.19,18.8,66.57,47.13,38.32,7.27,21.79,0.79,Wheat,0
0.752,0.583,49.33,4.73,24.23,71.55,74.7,37.96,7.61,20.69,13.94,Wheat,0
0.212,0.372,27.19,2.01,30.32,44.18,18.04,9.37,2.62,76.18,41.52,Wheat,1
0.888,0.503,53.78,4.39,22.18,86.69,70.53,23.95,7.26,1.67,12.85,Rice,0
0.486,0.275,22.11,2.01,31.82,39.3,16.5,8.29,3.87,75.37,41.29,Wheat,1
0.468,0.172,34.85,2.28,32.97,45.69,18.04,14.78,3.63,82.49,23.1,Wheat,1
0.382,0.319,22.59,2.16,31.35,49.34,19.63,14.69,3.74,86.13,35.93,Maize,1
0.776,0.617,50.84,5.99,19.44,65.84,44.3,20.91,7.28,15.28,5.9,Maize,0
0.437,0.223,33.26,1.79,28.73,34.38,19.67,14.25,3.82,87.87,49.54,Wheat,1
0.757,0.789,51.5,5.13,24.96,66.14,52.22,21.05,7.34,12.66,11.8,Maize,0
0.222,0.238,21.58,2.45,34.73,31.99,18.07,12.51,3.7,78.85,25.07,Rice,1
0.314,0.37,29.75,2.17,30.62,44.92,18.3,11.01,3.84,99.39,25.26,Maize,1
0.268,0.136,29.4,1.11,32.25,35.95,0.9,5.19,3.57,76.02,48.19,Wheat,1
0.652,0.562,51.65,4.18,21.61,87.04,87.58,36.96,7.17,3.53,14.21,Wheat,0
0.492,0.374,30.41,1.86,33.09,46.33,0.58,13.89,3.41,76.46,33.46,Wheat,1
0.428,0.35,31.76,1.86,30.34,44.01,1.38,5.83,3.25,70.08,39.15,Rice,1
0.384,0.398,28.39,2.7,28.09,48.7,11.47,14.04,3.58,87.25,43.42,Wheat,1
0.756,0.578,51.2,5.77,24.67,83.09,43.69,27.56,6.15,24.15,14.19,Maize,0
0.209,0.284,27.45,2.25,33.25,40.71,3.73,6.0,2.22,82.25,36.09,Wheat,1
0.765,0.565,53.69,5.92,22.35,87.06,62.51,28.0,7.47,21.09,3.17,Wheat,0
0.787,0.689,52.26,4.56,24.62,72.33,70.98,23.92,6.5,6.31,7.6,Maize,0
0.487,0.295,30.05,1.21,34.54,31.55,7.2,11.81,2.17,80.78,22.9,Wheat,1
0.837,0.736,47.36,4.27,18.63,64.67,80.24,25.73,7.73,15.61,8.19,Rice,0
0.886,0.556,58.02,5.37,18.03,81.37,83.52,26.01,7.21,23.6,1.85,Wheat,0
0.654,0.722,57.06,5.15,22.69,85.99,66.92,30.78,7.06,38.02,2.97,Rice,0
0.856,0.577,57.43,4.71,24.86,71.09,40.8,25.24,6.21,39.99,8.37,Maize,0
0.465,0.129,20.28,2.75,28.39,35.07,8.58,14.98,2.96,82.65,36.15,Rice,1
0.861,0.724,50.81,5.35,23.68,77.04,42.4,26.26,6.66,38.76,0.26,Wheat,0
0.653,0.604,48.57,5.53,24.11,75.99,43.65,34.67,7.4,24.46,9.12,Wheat,0
0.656,0.675,56.12,5.49,21.32,75.38,93.94,26.82,6.45,20.24,2.75,Rice,0
0.708,0.602,50.46,4.09,22.91,69.61,57.74,23.28,7.68,0.46,10.13,Wheat,0
0.441,0.197,32.43,2.85,30.31,34.95,14.85,14.27,2.14,74.85,40.76,Maize,1
0.727,0.754,50.4,4.57,22.16,87.99,59.34,38.2,6.69,18.11,8.76,Wheat,0
0.801,0.643,49.19,5.7,24.75,67.99,96.91,21.18,6.01,19.78,11.35,Rice,0
0.41,0.228,28.52,2.65,32.65,32.78,6.39,11.91,3.14,89.51,21.23,Maize,1
0.787,0.761,59.54,4.39,22.0,84.89,82.32,22.71,6.53,29.39,5.08,Wheat,0
0.814,0.727,57.86,4.79,18.84,71.48,70.7,32.07,6.71,14.28,10.2,Rice,0
0.824,0.605,51.16,5.08,19.73,68.06,53.14,34.5,7.54,32.93,7.75,Maize,0
0.344,0.169,29.07,2.74,34.7,36.62,12.16,14.15,3.26,86.18,39.9,Wheat,1
0.219,0.359,28.46,2.78,33.82,32.52,7.16,7.89,3.94,98.44,29.05,Maize,1
0.899,0.584,54.28,5.02,20.26,83.25,66.76,24.41,6.15,26.75,5.31,Rice,0
0.855,0.54,53.07,5.15,18.2,68.03,74.04,27.57,7.54,17.83,9.43,Maize,0
0.467,0.342,21.8,1.63,32.77,37.78,6.46,11.49,2.5,73.04,29.5,Maize,1
0.357,0.284,34.26,1.66,32.96,34.48,12.52,12.97,3.2,96.73,34.03,Rice,1
0.821,0.654,50.87,5.08,23.5,81.96,68.86,28.19,7.33,2.03,6.56,Maize,0
0.335,0.119,25.72,1.28,33.13,48.44,19.94,8.37,2.62,71.94,36.43,Wheat,1
0.826,0.779,55.83,5.33,22.44,76.82,94.6,34.35,7.4,13.96,2.84,Rice,0
0.883,0.556,47.19,5.0,20.13,79.65,95.23,36.56,7.34,23.0,1.34,Rice,0
0.344,0.177,32.68,1.61,32.31,48.84,15.73,9.53,3.38,70.68,39.98,Maize,1
0.423,0.168,21.57,1.12,29.69,41.27,12.58,9.83,2.58,90.12,49.91,Rice,1
0.8,0.659,57.84,5.51,19.97,85.21,61.49,29.01,6.74,37.2,1.71,Wheat,0
0.289,0.265,27.94,2.34,28.76,45.86,15.03,6.25,3.28,96.74,46.9,Maize,1
0.43,0.168,32.2,2.46,32.51,32.82,17.04,14.75,3.89,71.37,24.5,Rice,1
0.342,0.165,32.24,1.59,31.55,39.63,6.19,8.65,3.69,79.43,35.13,Wheat,1
0.221,0.35,26.67,1.36,32.33,46.31,19.01,10.98,2.46,82.51,44.44,Rice,1
0.604,0.502,54.99,4.89,18.84,69.77,53.45,33.13,6.45,11.8,8.98,Wheat,0
0.643,0.617,54.33,4.08,22.5,87.42,52.22,36.32,6.49,36.7,3.28,Rice,0
0.813,0.631,51.63,5.12,19.31,63.2,89.33,22.4,6.37,4.06,1.25,Wheat,0
0.249,0.151,22.71,1.82,31.19,39.99,11.82,9.97,3.66,82.6,39.01,Maize,1
0.788,0.734,47.6,5.45,20.06,85.28,41.76,24.78,7.59,33.6,4.25,Rice,0
0.728,0.541,49.88,5.59,18.65,71.81,57.19,32.71,6.86,19.87,1.84,Rice,0
0.696,0.731,46.65,5.08,24.16,63.77,45.06,21.84,7.3,30.26,10.09,Wheat,0
0.861,0.682,45.94,5.24,21.71,68.89,84.62,31.75,6.18,9.17,2.29,Rice,0
0.831,0.632,47.96,4.92,22.97,62.41,52.81,26.52,6.35,15.18,8.92,Wheat,0
0.894,0.691,49.74,5.53,22.49,89.23,51.76,31.56,6.94,8.94,13.34,Wheat,0
0.776,0.565,49.25,5.56,18.47,73.12,42.66,22.17,6.57,26.06,3.97,Wheat,0
0.852,0.638,49.94,5.35,24.13,76.1,40.21,31.19,7.91,32.22,0.89,Wheat,0
0.819,0.776,49.05,5.16,20.36,69.9,74.56,38.78,7.95,25.84,2.76,Wheat,0
0.841,0.682,49.84,5.37,21.9,62.02,60.37,27.12,6.47,27.02,12.03,Rice,0
0.779,0.671,56.41,5.59,18.57,72.51,83.76,36.33,6.2,33.87,10.6,Maize,0
0.376,0.206,31.68,1.09,29.09,36.97,3.33,5.98,3.41,82.14,22.33,Maize,1
0.209,0.339,28.33,2.54,30.62,46.58,9.89,11.74,2.04,71.26,28.46,Rice,1
0.265,0.355,26.84,1.79,31.54,30.51,2.52,14.99,2.87,96.2,39.32,Rice,1
0.633,0.659,58.37,4.47,23.88,69.8,89.47,36.62,6.58,22.54,0.67,Wheat,0
0.374,0.186,33.83,2.63,30.58,42.16,2.09,14.25,3.0,77.2,34.96,Rice,1
0.791,0.7,50.99,4.22,24.4,76.07,97.57,32.97,7.07,3.44,5.13,Rice,0
0.39,0.2,23.78,2.51,32.39,34.35,5.32,9.96,3.99,95.7,24.86,Maize,1
0.658,0.672,56.43,5.0,21.2,86.71,70.09,27.34,7.03,22.24,13.81,Maize,0
0.857,0.702,50.36,4.67,18.84,71.49,93.88,37.79,6.92,12.76,2.74,Maize,0
0.707,0.6,50.85,5.3,19.8,79.2,82.06,20.72,6.07,9.78,9.61,Maize,0
0.701,0.638,59.51,4.12,19.35,60.62,65.88,32.2,6.13,8.03,1.29,Maize,0
0.479,0.237,28.87,1.58,34.67,33.53,10.13,8.39,3.89,76.91,28.18,Rice,1
0.644,0.504,53.66,5.38,18.91,74.1,86.08,31.7,6.51,3.89,3.77,Rice,0
0.224,0.141,27.02,2.77,30.76,42.36,3.29,7.9,2.77,86.08,29.08,Wheat,1
0.78,0.763,54.9,4.35,22.96,79.73,58.87,21.23,6.63,13.38,11.19,Maize,0
0.83,0.554,52.43,5.51,19.58,76.72,49.02,38.32,6.67,14.95,2.65,Rice,0
0.693,0.605,56.25,4.52,21.64,79.73,71.48,33.99,6.42,3.12,2.49,Maize,0
0.69,0.698,51.92,4.15,20.75,71.11,66.26,26.45,7.09,10.67,12.19,Wheat,0
0.213,0.315,31.92,2.74,34.7,45.54,19.71,6.56,3.52,70.68,43.47,Rice,1
0.471,0.244,20.2,1.75,31.22,44.26,11.62,10.19,2.05,90.18,47.0,Rice,1
0.486,0.166,26.44,1.08,28.8,32.46,18.03,7.75,3.82,80.08,24.23,Rice,1
0.751,0.568,51.55,5.03,23.08,75.81,68.88,39.58,7.08,37.48,5.07,Maize,0
0.448,0.226,21.86,1.94,34.9,38.55,17.31,10.46,2.69,98.33,20.1,Wheat,1
0.309,0.39,23.53,1.56,34.4,33.78,1.94,9.49,3.22,71.21,35.46,Maize,1
0.724,0.5,47.68,4.64,20.43,84.61,95.85,29.68,6.65,12.41,2.17,Rice,0
0.734,0.538,48.51,4.05,19.52,73.77,92.84,31.1,7.56,37.11,12.26,Maize,0
0.824,0.623,54.94,5.54,18.09,62.11,62.34,28.06,7.59,2.65,8.48,Rice,0
0.884,0.728,52.79,5.97,21.53,74.35,65.56,37.38,6.74,36.19,2.56,Maize,0
0.465,0.371,22.23,2.31,31.33,31.83,16.58,14.97,2.35,76.81,36.31,Rice,1
0.861,0.704,52.63,4.08,22.01,82.15,62.44,30.12,7.46,11.53,12.87,Wheat,0
0.789,0.666,46.9,5.29,20.21,74.2,95.18,37.47,7.88,5.41,5.3,Wheat,0
0.662,0.593,45.96,4.56,18.59,64.4,68.98,27.08,7.19,31.79,3.71,Maize,0
0.347,0.202,29.0,1.02,33.19,44.84,18.54,8.27,3.09,94.82,45.34,Wheat,1
0.297,0.128,25.95,2.25,28.37,48.26,4.6,14.04,3.86,83.18,49.35,Rice,1
0.377,0.164,23.98,1.96,33.33,43.02,15.56,12.35,3.79,76.92,24.0,Maize,1
0.332,0.183,27.18,2.76,29.12,48.44,16.86,11.66,3.8,99.55,34.03,Maize,1
0.27,0.283,22.44,1.13,28.38,42.09,7.56,10.1,3.79,77.22,47.15,Wheat,1
0.679,0.627,47.78,4.83,18.49,84.22,82.66,35.87,7.62,38.28,14.83,Wheat,0
0.204,0.215,25.54,2.75,34.37,31.71,2.59,6.73,3.8,76.25,40.69,Wheat,1
0.806,0.507,55.56,5.31,19.58,65.97,95.01,39.92,7.04,7.31,4.52,Maize,0
0.399,0.157,28.93,2.57,30.62,33.83,13.97,7.92,3.57,93.82,35.22,Wheat,1
0.456,0.209,21.73,2.74,31.03,31.8,4.69,10.98,3.38,71.56,37.88,Rice,1
0.615,0.58,45.93,5.7,20.91,76.3,70.92,31.63,6.86,11.12,13.34,Rice,0
0.863,0.551,49.94,5.06,18.34,85.75,43.98,31.76,6.79,5.86,10.97,Wheat,0
0.273,0.208,32.51,1.55,32.85,42.88,15.55,8.9,3.74,93.49,23.06,Maize,1
0.67,0.78,54.24,5.97,23.76,63.04,75.42,23.98,7.99,37.62,7.46,Maize,0
0.77,0.554,49.02,5.92,24.31,65.47,82.52,23.12,6.35,0.18,5.69,Wheat,0
0.429,0.34,32.58,2.32,29.67,46.13,19.59,8.62,3.47,96.96,26.28,Wheat,1
0.308,0.374,27.69,1.71,31.92,40.15,8.16,10.22,2.14,77.01,28.96,Wheat,1
0.61,0.57,51.54,4.21,23.79,85.68,51.79,37.34,7.4,25.56,0.45,Maize,0
0.634,0.634,46.38,5.16,19.71,84.3,52.02,23.12,7.54,27.46,2.47,Rice,0
0.475,0.371,28.18,2.84,29.49,46.22,7.6,10.9,2.73,98.47,35.49,Wheat,1
0.792,0.799,55.42,5.65,24.53,60.6,55.47,39.59,7.37,32.18,7.54,Maize,0
0.794,0.724,47.46,5.89,23.88,89.67,74.52,20.63,7.21,2.96,14.07,Maize,0
0.298,0.141,26.35,2.68,29.48,43.83,6.35,7.66,2.61,81.61,40.87,Wheat,1
0.432,0.141,34.71,2.54,31.14,35.59,16.06,8.72,2.69,98.59,49.12,Wheat,1
0.472,0.388,31.69,1.74,31.28,36.58,14.33,10.72,3.15,78.45,37.97,Wheat,1
0.372,0.195,20.34,2.43,31.4,44.65,13.54,9.57,3.34,82.72,20.87,Wheat,1
0.77,0.588,49.14,4.85,20.37,73.55,97.68,26.56,6.83,14.95,5.16,Maize,0
0.448,0.338,22.56,2.36,28.97,38.24,6.79,8.27,2.73,88.31,47.79,Rice,1
0.395,0.101,28.72,1.13,32.45,44.98,4.73,13.46,3.1,93.7,38.49,Rice,1
0.41,0.317,29.87,1.8,32.0,46.62,6.74,5.59,2.37,80.47,46.71,Rice,1
0.223,0.142,29.09,1.86,29.16,39.62,11.32,5.27,2.78,96.32,30.53,Rice,1
0.42,0.284,22.8,2.53,31.23,43.65,7.91,9.94,3.93,73.97,27.11,Rice,1
0.351,0.214,27.61,1.66,30.78,30.1,8.33,13.45,3.39,95.36,29.44,Wheat,1
0.628,0.552,51.76,5.9,23.37,66.05,84.05,35.47,7.74,3.25,10.07,Wheat,0
0.378,0.165,20.24,1.93,30.59,30.8,10.51,6.93,3.16,78.9,30.03,Wheat,1
0.662,0.717,47.02,4.46,19.78,62.0,51.75,27.83,7.51,28.05,14.05,Rice,0
0.874,0.51,59.76,4.64,19.55,81.32,98.36,26.07,7.96,37.99,10.43,Rice,0
0.712,0.557,50.44,5.61,21.51,81.36,56.37,34.7,7.78,24.94,8.07,Rice,0
0.412,0.27,22.89,1.26,34.1,37.7,2.94,10.35,3.49,88.75,47.56,Maize,1
0.309,0.223,29.78,1.91,31.67,32.88,16.25,13.33,2.85,97.61,35.06,Rice,1
0.453,0.32,31.89,1.81,33.26,30.08,5.79,11.1,2.56,81.55,29.35,Rice,1
0.772,0.611,56.69,5.54,20.03,82.32,84.11,20.39,6.94,11.97,5.06,Rice,0
0.825,0.596,54.07,4.16,21.91,68.75,64.51,27.61,6.8,26.97,11.21,Maize,0
0.813,0.549,54.0,4.67,21.38,68.92,87.1,35.91,6.36,18.04,9.07,Wheat,0
0.674,0.686,46.97,5.06,20.93,62.99,67.52,21.33,7.42,33.78,9.64,Rice,0
0.415,0.127,33.94,1.71,34.45,41.01,0.73,14.32,2.31,93.13,29.97,Wheat,1
0.727,0.754,49.34,4.06,22.18,61.46,48.04,36.09,7.01,14.59,10.04,Wheat,0
0.25,0.181,34.58,2.76,29.12,37.16,14.15,12.1,2.77,98.27,28.82,Maize,1
0.249,0.189,29.34,1.22,28.46,44.38,17.21,9.45,2.85,75.81,30.36,Maize,1
0.689,0.71,53.61,4.9,19.32,72.24,81.96,35.22,6.08,11.69,12.2,Rice,0
0.663,0.643,47.95,4.6,23.42,80.99,44.06,29.03,7.03,18.31,13.86,Rice,0
0.247,0.269,29.14,1.12,33.51,40.8,3.77,7.82,3.45,73.4,45.46,Rice,1
0.375,0.157,24.07,1.59,29.16,41.9,14.26,12.52,3.15,80.28,21.59,Rice,1
0.485,0.32,29.42,1.46,32.91,34.4,2.43,11.81,3.61,99.29,34.16,Wheat,1
0.866,0.651,49.61,5.85,23.4,77.34,84.7,20.78,7.5,31.14,3.45,Wheat,0
0.837,0.587,50.26,5.36,24.09,66.93,85.09,31.82,7.89,1.75,3.87,Maize,0
0.836,0.62,54.13,4.26,20.12,74.44,77.04,37.97,7.93,23.38,13.59,Rice,0
0.225,0.316,24.41,2.79,33.96,32.59,1.82,6.58,2.11,84.46,49.65,Maize,1
0.385,0.143,25.4,1.47,29.04,49.32,18.74,6.52,2.28,77.93,31.01,Maize,1
0.328,0.251,31.13,1.73,30.19,35.01,4.49,7.69,3.21,94.57,47.66,Rice,1
0.667,0.698,48.77,4.8,19.4,82.13,63.13,23.93,7.23,31.58,14.84,Maize,0
0.387,0.32,27.2,1.99,28.31,38.23,1.76,9.99,2.62,77.38,38.87,Maize,1
0.376,0.27,29.67,1.91,32.19,44.11,10.06,6.84,2.3,85.45,49.0,Rice,1
0.392,0.311,22.42,1.64,32.69,43.98,7.73,8.5,3.72,93.91,48.97,Wheat,1
0.286,0.23,31.77,1.15,32.77,37.12,15.25,11.85,3.81,82.99,44.91,Wheat,1
0.666,0.692,45.75,4.31,24.66,86.77,44.52,33.39,6.54,31.52,8.33,Maize,0
0.409,0.102,24.28,1.36,28.96,43.7,6.62,5.24,2.09,70.39,27.54,Maize,1
0.448,0.343,21.22,1.83,31.28,36.3,3.02,13.69,3.83,81.58,46.47,Wheat,1
0.384,0.237,21.62,2.06,34.22,41.07,14.31,5.11,3.91,80.51,36.8,Maize,1
0.733,0.568,56.58,4.68,24.38,69.62,65.73,29.0,7.91,14.44,11.25,Wheat,0
0.809,0.572,50.54,4.72,21.78,78.86,68.48,22.26,7.76,37.85,4.26,Maize,0
0.838,0.508,55.72,4.96,24.95,73.2,64.62,38.59,7.46,25.94,9.55,Rice,0
0.656,0.617,51.42,4.32,20.94,88.38,53.99,36.6,6.46,1.57,7.69,Rice,0
0.606,0.77,54.36,5.89,23.4,76.74,94.86,36.1,6.28,29.92,6.7,Wheat,0
0.232,0.258,29.51,2.69,30.62,47.55,3.5,11.86,2.44,72.08,37.67,Wheat,1
0.622,0.736,50.51,4.19,19.36,73.88,51.07,26.12,7.84,27.82,4.29,Maize,0
0.823,0.504,55.59,5.26,18.06,89.81,42.26,23.79,7.82,37.49,13.0,Maize,0
0.846,0.583,53.88,4.84,21.36,88.5,83.58,21.01,7.56,6.73,0.09,Rice,0
0.365,0.101,26.89,2.08,29.45,36.24,3.69,12.75,3.53,82.96,45.28,Maize,1
0.672,0.706,46.03,5.29,24.59,66.39,65.67,30.83,6.53,8.7,9.71,Maize,0
0.657,0.595,59.17,4.84,24.07,63.85,74.83,30.64,6.77,27.3,8.06,Wheat,0
0.776,0.649,55.05,4.36,22.95,76.27,55.31,21.17,6.9,1.84,0.65,Wheat,0
0.9,0.707,52.02,4.97,19.81,68.21,58.38,21.82,6.82,1.67,11.96,Wheat,0
0.348,0.316,22.2,1.68,28.68,37.63,10.21,7.21,3.72,93.37,23.57,Wheat,1
0.787,0.73,46.98,5.69,21.89,84.26,91.94,25.49,7.72,0.48,1.25,Rice,0
0.642,0.718,45.8,4.92,19.44,81.18,58.1,38.4,7.71,23.73,3.61,Wheat,0
0.716,0.751,51.09,5.15,19.0,82.95,74.22,28.42,7.16,0.9,1.3,Rice,0
0.402,0.221,22.61,2.4,32.25,37.95,2.78,6.33,2.47,95.02,30.32,Wheat,1
0.381,0.232,24.38,1.42,32.0,46.68,14.52,6.47,3.25,93.49,20.5,Rice,1
0.481,0.28,29.63,1.55,28.91,32.28,6.59,7.55,3.89,88.09,26.66,Wheat,1
0.839,0.764,58.72,4.59,19.91,62.88,65.71,27.01,7.28,32.41,11.86,Maize,0
0.357,0.301,30.71,1.61,33.98,48.0,3.78,6.96,3.07,87.06,49.48,Rice,1
0.294,0.217,26.72,2.78,33.64,41.59,19.94,5.76,3.15,73.85,33.41,Wheat,1
0.394,0.228,20.42,2.08,33.82,34.14,10.44,10.62,2.04,87.45,30.99,Rice,1
0.288,0.161,30.63,2.39,29.05,40.03,0.78,13.8,3.98,91.36,49.01,Rice,1
0.81,0.661,58.82,5.17,22.0,88.62,97.3,21.57,7.13,28.12,14.47,Maize,0
0.612,0.722,53.34,5.59,20.16,62.14,71.85,37.77,7.94,8.33,2.46,Rice,0
0.219,0.336,28.12,1.93,31.63,30.57,1.51,12.68,2.57,98.1,21.45,Rice,1
0.849,0.584,55.17,5.98,18.35,76.47,66.22,29.09,6.07,15.87,0.43,Rice,0
0.449,0.365,25.4,1.71,32.53,40.84,16.58,9.09,2.82,87.87,47.54,Rice,1
0.882,0.753,57.14,4.43,21.35,89.25,41.45,39.8,7.74,6.95,7.28,Wheat,0
0.478,0.22,34.12,1.42,33.58,44.27,9.28,11.82,3.68,70.11,42.31,Wheat,1
0.63,0.753,49.97,4.13,21.82,71.36,70.34,30.66,6.92,35.06,5.75,Maize,0
0.281,0.271,33.02,1.38,34.0,32.26,18.48,7.32,3.21,76.57,28.25,Rice,1
0.261,0.168,29.18,1.03,32.13,46.28,17.94,10.22,3.23,90.51,48.34,Rice,1
0.5,0.285,27.13,2.91,32.4,39.11,6.8,6.39,2.71,87.8,37.82,Rice,1
0.812,0.792,58.77,4.71,20.44,76.44,99.49,25.16,7.91,5.36,11.11,Rice,0
0.346,0.318,25.27,1.19,30.63,39.83,19.46,6.06,3.18,82.3,38.44,Maize,1
0.471,0.337,31.65,2.64,28.07,49.56,3.4,11.93,2.34,88.69,38.08,Rice,1
0.775,0.704,48.06,5.6,18.58,68.4,58.47,30.84,7.9,34.94,4.58,Rice,0
0.476,0.318,27.58,1.79,31.53,36.86,7.08,13.04,2.64,81.06,43.24,Maize,1
0.824,0.71,58.85,5.47,20.48,73.69,81.92,23.85,7.87,13.73,9.12,Rice,0
0.366,0.36,30.08,1.92,30.24,42.65,8.9,7.72,3.54,78.52,41.05,Rice,1
0.87,0.689,50.71,4.92,18.29,68.19,77.55,37.37,6.4,29.03,6.38,Maize,0
0.37,0.241,34.2,2.1,29.01,46.78,13.47,5.79,2.02,72.11,24.16,Maize,1
0.295,0.305,20.12,2.39,31.15,44.13,15.98,14.82,2.03,94.42,48.42,Rice,1
0.498,0.335,30.64,2.33,29.3,45.65,7.14,11.85,3.93,88.68,31.42,Maize,1
0.65,0.747,48.76,5.31,19.69,83.7,60.31,35.55,7.12,11.6,14.68,Wheat,0
0.373,0.177,27.89,2.05,34.82,32.83,17.91,6.79,3.5,77.68,29.49,Rice,1
