NDVI,Expected_Yield,Crop_Stress_Indicator,Temperature,Rainfall,Soil_Moisture,Crop_Type,Canopy_Coverage,Pest_Damage,Leaf_Area_Index,payout_percentage
0.279,7.83,50.1,22.7,65.61,12.17,Rice,86.93,5.01,3.83,28.99
0.443,5.71,37.5,31.73,85.49,15.55,Wheat,56.28,40.37,5.51,0.0
0.813,7.89,62.59,34.0,25.27,12.03,Rice,89.01,6.76,3.48,30.78
0.341,4.03,79.36,31.11,32.72,32.1,Rice,39.8,29.77,5.71,53.18
0.255,6.22,28.06,22.55,53.71,29.94,Maize,46.61,17.14,5.46,0.0
0.752,3.34,55.68,30.77,21.16,27.22,Wheat,35.97,11.3,3.88,44.37
0.785,3.57,70.87,22.03,81.12,18.55,Wheat,24.63,31.97,5.67,58.15
0.314,5.07,13.44,18.34,77.36,36.82,Rice,21.45,22.85,2.62,0.0
0.798,3.92,81.41,15.67,14.53,38.93,Rice,85.61,20.01,2.83,54.51
0.681,3.01,60.61,22.71,46.38,11.08,Wheat,88.94,29.64,1.23,48.1
0.564,3.58,94.95,33.07,77.48,12.81,Wheat,13.59,24.56,3.95,71.42
0.781,2.21,33.95,19.78,33.73,23.4,Wheat,22.03,15.17,4.61,0.0
0.493,6.23,10.81,19.13,63.31,8.19,Rice,43.88,27.95,4.87,0.0
0.336,4.95,50.65,34.4,5.02,20.28,Maize,24.91,33.47,1.75,45.97
0.399,2.57,8.58,15.5,60.87,25.36,Maize,39.11,1.33,3.22,0.0
0.554,3.03,96.95,30.72,15.27,23.27,Rice,20.33,23.29,1.88,65.07
0.572,2.62,3.87,21.43,83.06,16.58,Rice,46.52,2.88,4.31,0.0
0.764,5.68,75.35,15.75,35.54,23.99,Rice,31.74,9.32,1.79,42.16
0.754,2.57,52.51,33.36,28.16,38.56,Wheat,38.15,28.03,5.52,48.7
0.607,6.53,36.86,17.79,84.09,12.21,Rice,17.55,43.31,2.15,0.0
0.747,2.12,6.58,26.04,5.01,27.92,Wheat,44.25,44.14,2.46,0.0
0.334,3.5,62.22,20.48,39.66,6.52,Maize,88.66,3.5,5.25,42.7
0.235,7.34,58.52,16.3,37.0,7.32,Rice,36.31,20.96,3.29,30.12
0.812,6.31,28.09,16.0,28.48,24.31,Rice,80.11,29.15,1.12,0.0
0.253,2.44,91.02,17.31,91.18,8.67,Wheat,77.46,7.35,3.47,69.86
0.373,6.93,30.41,16.43,75.09,5.78,Wheat,86.16,38.27,1.42,0.0
0.687,4.96,44.97,30.21,6.39,11.0,Wheat,73.21,37.21,5.93,0.0
0.487,7.08,54.38,24.71,71.47,24.77,Maize,62.77,45.17,3.94,40.21
0.813,5.6,10.02,21.86,52.73,29.62,Maize,78.53,0.42,2.28,0.0
0.409,6.09,93.22,23.37,90.09,12.09,Rice,16.05,10.83,3.82,55.97
0.208,7.96,37.45,33.58,31.29,28.39,Rice,47.03,41.36,1.38,0.0
0.41,3.39,8.08,33.22,57.42,11.39,Wheat,89.14,33.53,5.0,0.0
0.605,5.74,38.73,29.31,50.08,26.47,Maize,71.57,44.72,5.63,0.0
0.463,4.76,60.02,32.69,48.96,19.42,Rice,86.97,2.86,5.37,43.32
0.574,2.24,51.37,21.39,45.61,27.88,Wheat,72.37,29.85,2.71,47.05
0.814,2.09,69.45,22.62,20.56,39.83,Wheat,79.99,28.45,2.63,53.03
0.839,2.72,5.55,27.27,75.57,37.82,Maize,66.52,1.78,1.18,0.0
0.386,5.89,28.45,27.47,45.13,5.15,Maize,70.84,25.68,4.26,0.0
0.523,5.4,81.92,24.63,95.85,35.99,Rice,51.85,30.48,3.67,56.52
0.584,5.32,7.99,23.01,26.08,7.33,Rice,83.94,9.56,3.3,0.0
0.864,2.19,85.55,34.72,68.27,38.36,Wheat,76.0,13.67,5.54,70.93
0.899,4.82,9.19,31.42,94.07,14.86,Wheat,77.51,32.02,1.84,0.0
0.365,7.55,83.45,23.7,66.35,18.37,Wheat,63.84,23.42,1.05,45.96
0.709,4.39,36.08,29.55,87.13,8.21,Rice,34.37,42.9,1.37,0.0
0.465,5.75,61.22,20.39,82.75,8.93,Maize,12.85,17.12,2.12,45.25
0.206,6.68,15.29,17.0,36.01,30.44,Rice,84.85,13.33,1.17,0.0
0.206,6.7,6.62,22.05,60.01,38.05,Maize,56.89,49.24,3.51,0.0
0.522,5.12,21.59,23.06,15.63,26.38,Rice,33.85,45.56,2.57,0.0
0.542,7.15,12.79,15.33,53.55,30.05,Rice,21.93,1.45,1.9,0.0
0.216,4.35,31.24,31.3,23.04,31.67,Maize,76.36,38.54,4.75,0.0
0.681,7.33,51.44,22.18,74.37,14.2,Rice,76.92,5.52,2.02,33.57
0.406,3.44,58.88,26.61,52.81,6.58,Rice,75.16,1.37,4.44,46.41
0.592,3.68,78.99,16.48,41.12,5.07,Wheat,61.61,13.68,2.75,51.69
0.411,2.32,65.62,18.5,26.88,17.27,Maize,39.28,13.47,3.56,50.28
0.317,6.77,60.88,32.79,99.87,13.45,Maize,34.33,40.97,5.67,47.35
0.485,4.5,41.18,27.17,7.17,7.18,Wheat,10.68,35.53,1.19,0.0
0.363,3.37,47.38,34.01,4.36,11.28,Maize,76.69,49.08,3.5,0.0
0.574,3.39,41.45,34.98,21.73,9.36,Wheat,16.99,35.58,5.27,0.0
0.339,7.41,84.22,22.44,97.11,37.02,Maize,60.46,20.91,3.94,48.13
0.556,7.0,23.0,20.98,97.92,9.91,Maize,50.33,34.95,2.38,0.0
0.31,5.32,0.57,32.17,65.49,23.82,Maize,52.14,49.97,2.99,0.0
0.67,5.7,65.13,34.97,88.01,25.76,Maize,84.14,35.51,4.4,53.39
0.728,4.85,20.25,27.59,21.4,24.02,Wheat,12.53,38.08,5.45,0.0
0.277,4.35,89.01,30.9,97.2,8.47,Wheat,71.87,46.92,1.21,67.52
0.527,7.49,85.9,30.63,14.28,16.16,Maize,14.16,5.68,1.36,42.55
0.25,2.75,7.67,22.11,10.11,6.79,Rice,13.05,35.24,2.63,0.0
0.619,4.51,10.64,26.49,11.22,18.85,Wheat,44.39,42.54,2.16,0.0
0.385,4.07,49.52,31.66,57.31,11.6,Maize,15.05,47.72,2.32,0.0
0.569,4.99,60.92,28.76,78.1,24.66,Wheat,73.13,10.55,2.11,49.39
0.562,4.75,27.49,15.42,36.67,29.25,Rice,52.37,25.2,1.98,0.0
0.847,5.11,71.68,21.73,97.79,23.62,Rice,12.32,34.03,1.65,52.92
0.584,2.84,59.49,17.89,43.44,20.2,Rice,13.24,12.37,5.67,47.01
0.608,5.08,32.48,19.66,15.04,18.56,Maize,59.01,30.02,1.72,0.0
0.481,3.45,2.54,33.11,46.6,34.46,Maize,74.49,12.88,2.02,0.0
0.864,3.11,75.02,15.74,67.9,12.68,Rice,45.02,16.67,2.23,60.83
0.744,2.39,21.48,19.4,83.22,30.7,Wheat,54.37,22.08,5.67,0.0
0.4,6.58,83.45,21.19,45.88,31.51,Wheat,73.99,26.46,4.78,43.41
0.791,4.56,42.03,27.34,59.36,19.67,Rice,58.84,22.47,4.95,0.0
0.503,5.76,57.71,25.68,26.73,15.41,Maize,27.98,24.66,1.52,35.39
0.78,6.37,87.29,19.37,64.59,21.47,Wheat,59.04,14.93,5.18,50.92
0.776,6.08,86.36,18.28,98.6,8.26,Wheat,60.26,7.95,3.04,54.0
0.332,4.82,37.15,19.74,4.91,6.61,Wheat,68.73,2.37,2.31,0.0
0.691,4.33,20.89,25.05,88.65,8.91,Maize,59.67,9.8,3.88,0.0
0.403,4.26,77.51,20.42,56.23,11.55,Rice,87.54,29.1,5.11,53.36
0.408,5.84,43.31,33.95,25.21,22.65,Maize,25.78,39.31,4.89,0.0
0.407,4.97,19.2,24.28,95.49,34.72,Wheat,86.09,8.46,5.45,0.0
0.708,7.09,90.44,16.18,48.34,13.25,Rice,53.07,5.43,5.64,44.83
0.361,7.25,19.81,29.59,33.17,37.73,Maize,63.76,37.46,2.19,0.0
0.201,3.02,2.58,21.58,18.15,38.42,Rice,17.96,15.26,3.12,0.0
0.701,2.82,2.03,28.07,24.45,38.56,Wheat,40.45,47.57,1.07,0.0
0.32,5.78,62.23,20.59,83.28,34.31,Maize,71.55,35.72,5.4,47.33
0.273,3.81,66.17,26.41,61.44,17.73,Rice,66.55,16.34,1.77,51.94
0.366,2.11,31.1,30.44,91.32,7.54,Maize,13.21,14.48,5.31,0.0
0.466,7.33,32.0,33.56,23.2,24.91,Wheat,53.73,26.18,2.65,0.0
0.533,3.36,33.95,20.22,12.11,24.55,Rice,17.06,3.96,2.84,0.0
0.231,7.58,68.02,21.7,0.61,34.75,Wheat,89.67,5.88,1.2,37.21
0.879,6.3,5.81,24.29,50.79,39.86,Rice,81.78,8.79,2.63,0.0
0.701,6.58,92.91,33.54,99.83,22.79,Wheat,11.69,38.74,5.44,60.95
0.426,3.21,22.25,33.03,69.5,17.08,Wheat,78.69,25.69,1.13,0.0
0.423,3.41,99.97,16.8,30.84,11.51,Maize,83.55,0.53,3.03,59.32
0.514,5.13,17.15,17.64,87.69,5.17,Wheat,38.28,33.68,1.16,0.0
0.638,3.03,77.15,24.91,78.17,22.82,Maize,67.56,21.18,2.85,62.77
0.302,3.83,22.34,17.13,1.54,24.44,Wheat,45.37,25.54,1.86,0.0
0.332,3.93,8.08,21.91,81.69,33.87,Wheat,62.42,10.71,2.26,0.0
0.802,2.96,87.49,17.97,30.05,22.66,Wheat,37.23,27.59,5.39,58.25
0.379,3.23,85.88,27.72,14.97,37.08,Rice,35.8,48.96,3.18,61.37
0.466,6.73,40.36,33.99,22.63,26.98,Maize,43.95,3.67,2.37,0.0
0.81,3.0,70.24,34.93,46.86,34.41,Rice,21.65,14.2,3.95,55.44
0.664,2.17,55.71,22.5,42.49,10.19,Maize,76.49,12.15,1.71,46.3
0.439,5.78,85.3,26.98,28.89,34.94,Wheat,37.9,12.43,2.3,45.65
0.679,7.86,31.51,32.13,17.22,28.63,Rice,42.01,18.94,3.73,0.0
0.214,3.99,52.37,17.35,76.22,10.96,Maize,81.52,40.91,2.19,51.92
0.715,2.71,48.54,28.79,99.01,11.64,Wheat,49.73,45.64,4.4,0.0
0.541,5.42,35.39,23.18,77.78,37.43,Maize,53.54,10.11,3.46,0.0
0.769,7.44,89.15,19.12,29.59,6.13,Maize,86.52,27.15,4.86,41.59
0.868,6.7,16.59,23.06,24.48,21.19,Wheat,80.94,31.84,5.74,0.0
0.848,5.74,14.95,16.52,21.77,15.97,Rice,23.56,26.09,1.58,0.0
0.836,3.89,57.69,28.91,13.67,28.28,Wheat,47.86,21.7,2.67,45.94
0.559,5.25,65.75,20.05,55.13,34.39,Rice,87.7,9.6,2.6,42.79
0.452,2.55,19.46,21.23,60.54,17.61,Maize,39.79,24.41,1.76,0.0
0.526,6.07,39.07,17.42,70.55,19.94,Maize,39.73,20.06,5.05,0.0
0.683,6.35,94.66,32.29,68.02,39.37,Maize,25.6,39.78,4.8,60.52
0.819,7.79,24.66,24.87,29.23,32.44,Rice,19.15,38.18,3.42,0.0
0.345,3.56,66.84,26.44,33.03,36.4,Wheat,69.22,6.7,3.69,45.82
0.843,2.11,74.01,26.39,68.15,20.36,Rice,71.6,4.43,1.3,62.3
0.771,5.27,44.81,23.21,34.94,13.19,Maize,87.52,45.41,3.78,0.0
0.885,6.24,93.75,18.85,21.26,19.42,Maize,71.87,26.78,4.96,48.01
0.816,6.74,73.67,29.9,37.43,30.06,Wheat,29.47,42.89,3.87,41.61
0.396,3.16,45.79,17.54,27.21,8.83,Rice,13.21,2.91,2.33,0.0
0.274,3.57,56.93,17.08,8.83,14.47,Maize,88.83,26.33,4.34,48.44
0.279,5.08,69.26,29.2,83.01,6.63,Rice,37.24,26.97,2.81,54.14
0.404,3.98,59.22,19.18,85.31,20.13,Rice,34.96,43.04,3.72,54.12
0.63,7.16,87.87,21.14,21.98,33.96,Wheat,82.48,4.88,3.44,39.1
0.763,4.84,35.69,24.5,6.48,5.86,Wheat,56.81,12.02,2.91,0.0
0.829,6.8,29.99,23.99,73.88,28.64,Maize,27.19,20.33,4.59,0.0
0.637,5.48,21.38,29.17,21.15,37.64,Wheat,81.13,43.29,5.42,0.0
0.204,6.64,3.78,27.47,39.34,13.29,Rice,89.47,46.94,1.03,0.0
0.33,4.0,4.3,27.89,6.41,29.28,Wheat,16.93,49.64,5.67,0.0
0.27,6.99,87.01,29.28,22.63,39.13,Rice,78.98,47.96,3.56,46.17
0.454,3.65,67.84,20.85,79.29,38.68,Maize,41.24,0.3,4.5,53.92
0.551,5.28,66.05,21.45,80.44,13.22,Rice,51.93,2.39,5.28,46.98
0.23,3.28,61.46,23.76,20.71,8.51,Wheat,83.19,7.38,3.34,43.71
0.444,4.85,84.92,21.15,33.59,10.19,Wheat,87.87,17.44,5.17,47.84
0.325,3.91,48.03,34.7,13.42,29.57,Maize,30.97,41.5,1.89,0.0
0.653,3.6,87.04,31.28,7.42,30.4,Wheat,27.03,44.63,1.8,64.51
0.525,7.8,35.94,18.29,99.22,28.6,Maize,16.44,9.34,4.29,0.0
0.547,2.96,92.67,15.11,65.56,16.76,Maize,54.94,30.98,5.35,69.48
0.499,6.72,69.87,15.86,54.21,10.94,Wheat,11.09,45.87,5.46,44.02
0.869,7.9,25.72,19.88,76.55,25.33,Rice,42.95,23.19,4.22,0.0
0.35,2.12,56.41,17.29,84.01,21.93,Maize,15.87,5.18,3.63,57.01
0.562,6.19,53.3,25.67,80.67,30.51,Rice,42.42,22.89,2.66,41.75
0.715,3.52,13.79,32.16,1.65,20.45,Wheat,13.19,18.79,5.9,0.0
0.59,2.24,59.12,29.74,18.68,16.85,Rice,76.82,28.88,2.6,51.72
0.85,4.42,31.48,19.31,65.49,15.27,Rice,26.78,21.93,4.72,0.0
0.465,7.61,5.23,22.99,37.58,12.4,Rice,36.26,0.87,3.66,0.0
0.525,2.07,94.87,25.16,98.25,14.3,Rice,79.6,49.7,4.04,76.38
0.262,5.53,64.15,31.2,66.54,8.32,Wheat,69.7,27.18,2.97,49.26
0.626,5.01,87.69,31.78,95.65,17.14,Wheat,27.52,23.68,5.82,62.54
0.402,7.24,67.61,33.19,20.14,6.28,Rice,15.75,47.73,3.86,39.01
0.312,2.5,35.7,25.18,86.4,11.52,Wheat,67.25,7.79,5.69,0.0
0.581,6.09,51.27,28.89,32.14,31.14,Wheat,41.26,9.46,1.04,31.34
0.573,6.08,67.57,17.24,98.96,16.39,Maize,71.29,40.4,3.86,50.14
0.253,6.01,96.03,26.31,15.77,28.39,Wheat,45.62,13.04,4.59,50.57
0.689,7.65,25.37,19.97,51.63,30.09,Rice,37.68,39.96,4.73,0.0
0.637,6.94,87.5,23.63,79.28,25.34,Wheat,46.1,13.58,5.52,50.95
0.332,2.25,92.41,27.68,43.26,38.55,Wheat,69.88,1.66,1.02,61.93
0.529,4.83,67.04,20.14,46.81,5.75,Wheat,82.18,25.85,1.0,44.05
0.704,4.39,93.13,16.04,98.64,30.85,Wheat,13.98,9.83,3.36,64.14
0.571,3.86,39.79,15.2,42.53,38.56,Maize,51.93,37.89,1.15,0.0
0.477,4.71,95.3,15.44,60.41,35.18,Rice,12.63,32.06,5.87,62.32
0.426,4.31,70.28,15.17,5.45,10.88,Rice,47.47,46.18,2.11,55.04
0.627,4.59,4.2,17.21,84.22,16.44,Wheat,80.82,39.15,3.36,0.0
0.857,7.88,90.69,19.79,64.82,11.04,Wheat,38.93,9.04,1.31,45.92
0.67,2.53,48.45,19.42,40.4,26.05,Maize,84.6,40.01,3.61,0.0
0.252,7.53,46.03,34.74,1.62,29.93,Wheat,60.45,32.09,2.9,0.0
0.522,4.88,56.65,21.12,59.17,16.1,Maize,84.73,33.45,1.22,43.79
0.824,5.74,14.94,17.55,1.27,23.88,Rice,70.57,41.61,2.68,0.0
0.266,6.98,46.92,25.91,0.12,29.18,Rice,18.27,28.69,2.96,0.0
0.892,4.16,83.11,32.16,61.61,19.75,Maize,28.49,23.3,5.95,60.5
0.864,4.58,1.55,28.56,18.9,34.89,Rice,41.53,31.83,2.04,0.0
0.255,4.46,27.29,20.92,19.19,32.0,Wheat,23.61,14.9,3.72,0.0
0.853,4.25,0.25,26.23,65.33,7.26,Wheat,49.59,9.13,5.94,0.0
0.454,7.55,41.57,29.3,5.37,26.74,Maize,47.71,30.83,4.96,0.0
0.791,6.97,72.83,29.56,31.34,13.24,Rice,86.5,11.69,5.97,37.06
0.493,2.65,79.88,28.33,14.94,24.51,Rice,44.7,4.0,5.84,56.92
0.509,2.65,94.52,32.42,58.02,38.49,Maize,72.85,0.03,3.45,67.44
0.644,4.57,60.85,32.4,66.18,35.77,Maize,85.35,30.42,4.48,52.24
0.742,2.59,25.46,26.58,72.11,19.16,Rice,80.16,18.11,1.55,0.0
0.224,5.71,92.41,23.6,25.52,15.2,Maize,26.69,37.62,3.21,49.93
0.615,2.86,77.53,27.83,8.92,13.2,Wheat,49.68,18.76,5.05,58.91
0.331,5.13,57.44,31.36,7.87,23.64,Rice,37.82,24.3,3.53,44.67
0.442,2.04,69.56,15.11,42.62,9.0,Maize,41.99,20.35,4.51,55.74
0.444,3.9,92.43,34.84,94.58,24.22,Maize,38.86,32.53,4.73,70.72
0.528,6.06,71.24,18.66,21.77,5.05,Maize,76.11,17.81,2.27,38.86
0.434,4.9,36.84,24.4,25.67,16.33,Rice,46.17,48.19,5.38,0.0
0.275,7.87,71.3,32.44,10.09,12.7,Wheat,51.9,46.81,3.3,41.79
0.302,7.24,4.03,19.5,60.56,38.99,Wheat,88.6,42.4,2.05,0.0
0.223,4.15,38.64,24.54,67.99,30.45,Rice,14.8,46.02,5.33,0.0
0.529,2.27,40.63,17.65,64.29,17.24,Maize,49.04,22.46,3.09,0.0
0.868,7.07,16.68,22.9,86.11,8.25,Rice,71.92,26.82,4.75,0.0
0.281,7.47,2.31,18.54,48.64,23.09,Rice,22.09,37.1,3.74,0.0
0.862,6.92,13.34,22.27,13.45,12.47,Maize,58.92,34.81,2.91,0.0
0.713,2.77,65.46,22.47,28.94,23.78,Rice,29.16,44.53,5.05,50.39
0.646,7.99,80.23,34.86,66.24,34.24,Wheat,79.39,35.82,3.92,48.69
0.652,3.55,98.82,34.9,61.31,26.55,Rice,36.17,49.89,2.95,72.69
0.779,6.35,34.64,17.3,53.1,27.18,Maize,36.33,17.43,1.55,0.0
0.275,7.45,59.94,29.52,68.3,23.94,Rice,57.86,41.65,5.48,41.56
0.553,3.41,93.71,16.03,63.74,37.45,Wheat,24.69,34.88,1.18,67.68
0.688,7.45,16.7,15.6,88.13,37.62,Rice,32.79,34.57,5.32,0.0
0.611,3.86,71.76,17.11,58.6,22.95,Rice,43.33,16.29,2.8,53.32
0.783,7.86,75.5,34.31,77.86,15.7,Rice,38.29,39.28,4.2,49.43
0.251,3.69,8.9,33.82,24.87,21.09,Rice,51.99,45.02,5.61,0.0
0.683,7.72,86.12,18.88,67.82,11.53,Maize,57.97,10.93,1.76,46.15
0.574,2.32,81.31,18.23,90.22,27.27,Wheat,55.33,31.27,3.83,68.45
0.465,6.26,3.34,19.81,38.57,22.5,Wheat,62.33,19.61,4.82,0.0
0.438,5.19,9.11,25.31,77.91,8.62,Wheat,34.62,49.48,4.79,0.0
0.635,4.87,4.91,26.39,72.48,11.92,Rice,20.11,23.94,3.63,0.0
0.824,3.34,33.47,19.43,5.95,21.79,Wheat,70.86,11.42,4.12,0.0
0.547,6.23,50.93,30.13,58.15,36.07,Maize,78.06,19.09,4.79,37.59
0.777,3.14,53.23,21.19,13.02,24.82,Rice,30.56,32.69,5.21,45.84
0.482,5.32,26.77,33.44,96.73,28.85,Rice,42.57,3.8,4.81,0.0
0.272,3.52,91.16,28.13,81.14,16.87,Wheat,49.89,30.18,2.77,68.72
0.243,7.73,36.83,23.73,10.97,25.0,Rice,52.67,46.56,5.98,0.0
0.236,2.17,4.56,30.8,12.18,20.66,Rice,62.76,42.52,3.17,0.0
0.466,3.2,30.02,31.36,59.45,28.07,Wheat,13.33,3.38,1.12,0.0
0.436,3.45,53.11,20.81,34.49,6.77,Maize,67.72,49.67,2.81,43.73
0.703,4.48,40.82,21.79,3.49,22.27,Maize,14.96,34.94,1.64,0.0
0.72,3.4,27.38,33.72,54.16,15.36,Wheat,47.46,8.11,1.61,0.0
0.236,4.95,13.13,18.29,38.78,16.42,Maize,76.21,0.62,2.41,0.0
0.355,7.23,81.92,15.84,10.11,38.63,Maize,46.1,8.56,1.27,42.9
0.392,6.27,99.61,24.08,80.19,11.39,Maize,21.93,41.91,4.44,61.33
0.583,5.48,32.95,31.02,91.51,15.89,Rice,88.8,1.08,1.37,0.0
0.301,2.53,38.16,30.43,75.66,22.85,Rice,81.14,11.66,2.02,0.0
0.294,6.16,61.8,33.39,82.24,35.21,Rice,71.71,37.87,1.46,49.85
0.861,3.0,71.84,25.66,21.65,19.58,Maize,42.92,29.31,1.32,51.87
0.763,6.72,39.2,17.0,26.36,31.04,Rice,24.71,39.14,2.34,0.0
0.326,3.5,90.49,26.77,20.85,34.97,Maize,85.31,37.31,3.86,58.69
0.485,4.5,56.0,30.57,76.51,15.85,Wheat,52.59,2.53,5.82,49.18
0.449,4.1,45.04,16.87,94.79,18.75,Maize,78.19,44.63,5.38,0.0
0.754,7.15,64.67,18.45,71.68,17.48,Rice,37.37,11.35,5.38,40.98
0.557,2.76,95.28,15.25,88.15,34.15,Maize,36.82,27.67,1.88,73.22
0.289,5.39,79.46,26.87,63.87,6.55,Rice,88.84,32.21,2.32,53.8
0.717,2.85,4.0,32.73,38.77,15.79,Rice,51.75,8.43,1.38,0.0
0.478,6.23,33.23,28.41,42.58,28.78,Wheat,21.26,48.81,4.89,0.0
0.384,7.43,47.05,34.64,7.53,24.79,Wheat,27.57,24.41,1.35,0.0
0.463,4.61,31.45,16.26,3.15,20.27,Rice,48.56,2.88,3.78,0.0
0.548,4.93,70.02,33.06,69.55,23.9,Maize,13.4,46.86,2.24,57.47
0.44,7.56,82.63,31.28,43.84,11.92,Wheat,47.0,29.31,2.22,42.46
0.369,5.13,73.13,21.28,55.22,20.08,Wheat,43.52,34.96,5.95,48.34
0.479,4.93,98.93,34.47,55.77,22.56,Rice,72.35,26.26,4.78,63.34
0.213,5.47,27.25,20.76,27.74,36.54,Maize,38.4,41.74,5.18,0.0
0.741,6.14,87.5,32.79,47.59,14.13,Wheat,88.6,1.66,3.86,48.71
0.32,2.64,76.66,32.61,47.08,35.37,Wheat,24.46,13.42,5.36,58.46
0.231,6.93,36.22,30.15,38.84,27.55,Maize,57.28,23.48,4.23,0.0
0.658,4.61,73.41,26.27,82.07,5.71,Wheat,17.18,3.83,5.73,54.15
0.742,2.43,10.41,17.4,45.12,30.36,Maize,68.71,35.3,2.41,0.0
0.77,6.72,78.93,25.64,60.36,6.24,Rice,89.58,19.68,3.98,45.78
0.545,4.26,53.23,22.14,89.55,39.91,Wheat,75.53,13.63,4.45,46.72
0.344,2.6,29.23,30.84,86.62,35.54,Rice,54.46,0.17,2.96,0.0
0.716,5.8,65.58,30.16,89.04,15.41,Maize,48.78,35.99,5.4,51.32
0.69,7.28,64.16,33.21,27.0,14.01,Rice,76.8,41.69,5.9,36.88
0.372,7.33,20.95,15.3,3.5,18.35,Rice,84.88,19.75,3.47,0.0
0.832,7.75,3.04,31.18,26.11,17.47,Rice,89.14,28.21,2.95,0.0
0.273,7.21,43.36,33.77,27.87,18.03,Maize,41.72,11.38,3.36,0.0
0.888,2.01,56.95,30.79,90.94,16.14,Maize,89.27,31.11,5.26,61.86
0.802,4.28,87.66,17.6,64.92,26.74,Maize,22.47,0.61,4.23,58.29
0.682,6.91,92.82,16.63,8.17,10.75,Maize,30.28,24.43,1.22,50.51
0.857,4.2,52.88,15.42,13.54,34.61,Maize,17.12,32.21,3.71,43.82
0.706,5.61,75.38,27.57,15.57,33.43,Wheat,31.74,45.91,1.09,47.68
0.333,5.64,43.93,27.59,63.04,21.68,Wheat,71.44,19.07,4.89,0.0
0.51,4.19,74.61,34.74,73.54,34.85,Wheat,78.23,38.26,2.64,63.03
0.25,7.43,20.48,22.96,85.96,13.65,Rice,72.31,29.88,3.36,0.0
0.473,5.02,37.11,21.64,94.06,5.61,Rice,60.49,46.35,4.99,0.0
0.719,4.79,63.42,27.49,20.17,26.67,Maize,51.12,19.92,1.23,41.57
0.471,7.99,1.82,31.51,30.98,21.03,Maize,66.7,15.95,1.79,0.0
0.431,4.96,72.25,33.74,24.03,24.85,Wheat,41.27,44.36,2.99,49.41
0.617,3.07,83.55,31.06,35.88,36.48,Maize,77.3,2.46,2.15,55.76
0.811,5.08,39.91,23.53,91.47,38.95,Rice,64.18,6.82,2.69,0.0
0.233,6.88,44.79,27.7,57.51,27.21,Maize,65.82,4.12,5.99,0.0
0.47,6.66,85.13,32.13,73.82,31.74,Wheat,52.87,42.16,5.13,57.31
0.311,6.73,77.57,24.81,49.01,7.93,Maize,80.82,0.53,5.42,39.64
0.687,6.25,28.81,19.33,2.89,10.63,Rice,30.16,43.08,5.69,0.0
0.274,3.53,32.4,18.39,6.42,30.66,Wheat,40.49,22.56,2.7,0.0
0.665,7.17,67.89,15.0,53.79,20.1,Maize,72.21,0.2,2.49,37.19
0.4,7.36,56.32,29.36,71.88,20.61,Rice,49.42,20.08,2.17,39.31
0.339,3.16,16.22,17.22,21.53,15.8,Wheat,81.14,9.34,5.15,0.0
0.855,2.78,30.99,19.88,72.19,26.26,Wheat,37.71,31.22,4.4,0.0
0.213,7.85,90.0,20.96,81.07,11.48,Rice,39.55,33.97,2.18,50.23
0.506,7.21,68.82,26.21,41.19,26.94,Maize,81.1,24.38,2.88,34.94
0.215,7.36,98.6,22.96,74.64,11.08,Maize,47.15,2.03,3.53,52.39
0.539,7.32,76.7,28.49,40.4,7.23,Maize,51.29,32.81,3.64,39.19
0.551,5.25,94.2,16.11,67.84,16.56,Wheat,36.62,42.1,5.44,62.89
0.425,5.88,21.62,17.48,76.4,13.09,Wheat,32.13,36.02,2.9,0.0
0.293,5.27,77.15,24.98,99.19,36.11,Maize,62.48,41.5,5.54,56.41
0.463,2.31,2.02,21.74,34.54,6.92,Wheat,19.59,10.03,3.21,0.0
0.671,6.47,67.08,20.92,41.1,11.18,Wheat,80.34,44.44,4.73,37.75
0.748,5.03,46.93,16.34,16.56,24.21,Rice,72.34,16.11,5.65,0.0
0.572,5.89,34.68,32.91,20.41,21.84,Maize,25.26,0.67,5.54,0.0
0.613,5.02,86.24,28.84,69.34,6.6,Maize,65.52,42.17,1.28,61.4
0.34,4.95,85.43,17.43,91.7,5.25,Maize,58.21,47.09,2.03,62.12
0.401,3.03,2.23,16.3,39.46,39.58,Wheat,24.76,32.78,3.38,0.0
0.313,3.67,60.95,34.5,17.98,28.06,Wheat,31.86,11.57,3.16,47.57
0.375,2.95,36.78,28.62,28.51,17.79,Wheat,42.72,12.59,4.2,0.0
0.357,3.17,41.57,23.35,45.51,21.47,Maize,65.94,23.33,5.72,0.0
0.564,7.84,83.2,29.03,29.07,14.33,Wheat,61.1,44.89,1.56,41.14
0.594,2.92,30.98,30.13,23.36,17.07,Maize,52.58,7.48,3.26,0.0
0.861,3.62,94.3,30.6,73.6,27.72,Wheat,71.47,41.3,1.96,71.7
0.337,5.54,17.96,24.56,0.78,35.9,Maize,70.64,14.57,5.47,0.0
0.649,5.66,66.27,23.6,53.92,11.44,Rice,59.43,40.43,5.82,44.04
0.772,2.92,67.21,15.22,79.38,34.41,Wheat,72.96,46.01,3.39,63.23
0.592,6.76,25.22,33.53,26.62,9.25,Maize,36.74,21.37,1.52,0.0
0.379,6.71,32.48,27.07,60.33,12.52,Rice,80.5,18.25,4.93,0.0
0.384,3.42,83.48,19.06,66.89,6.3,Rice,59.19,40.11,4.49,63.76
0.227,3.73,76.18,33.39,65.5,9.93,Wheat,75.79,26.47,2.77,61.32
0.414,7.63,32.91,33.3,44.58,37.11,Maize,53.7,34.22,5.44,0.0
0.721,6.95,53.4,34.78,34.66,21.08,Wheat,27.48,31.14,5.88,33.49
0.233,6.19,6.17,32.48,83.59,7.72,Rice,53.39,7.64,3.79,0.0
0.354,2.49,20.87,34.96,75.84,38.59,Wheat,39.69,42.24,3.83,0.0
0.694,4.51,48.58,19.89,32.13,35.76,Maize,65.8,9.79,2.49,0.0
0.748,5.36,8.6,31.84,10.3,31.41,Rice,48.06,46.61,3.92,0.0
0.519,3.12,84.33,31.46,7.18,37.67,Wheat,76.89,12.53,3.2,62.18
0.689,4.69,71.8,19.62,9.43,12.7,Wheat,64.25,36.69,2.51,49.96
0.472,5.61,94.36,16.97,58.29,34.27,Wheat,64.76,14.23,1.34,55.6
0.312,3.96,69.35,34.59,5.17,29.15,Wheat,27.37,15.89,2.26,55.43
0.479,6.69,94.04,20.92,33.69,35.44,Wheat,88.74,15.5,1.99,44.48
0.606,7.04,55.45,32.42,75.32,32.89,Rice,77.33,37.39,3.71,43.55
0.864,3.94,60.02,15.08,29.43,17.13,Rice,73.12,27.84,4.01,44.71
0.248,7.03,97.7,15.42,76.33,32.1,Maize,36.42,44.15,4.04,59.73
0.555,2.62,64.21,24.32,74.55,14.19,Wheat,52.85,15.37,2.94,58.31
0.43,7.03,3.08,19.77,24.58,16.5,Maize,20.97,34.6,3.11,0.0
0.556,2.92,72.38,28.8,72.88,8.78,Rice,53.08,37.65,5.17,64.3
0.217,2.5,90.55,26.31,74.78,37.73,Wheat,21.67,7.57,3.38,69.31
0.419,5.85,79.56,16.55,39.75,15.19,Maize,54.24,20.03,5.94,44.04
0.774,4.83,58.38,18.25,21.04,23.22,Wheat,61.9,24.14,3.2,39.13
0.588,7.45,67.13,22.76,52.13,18.7,Wheat,41.22,17.78,4.25,34.6
0.515,4.18,99.02,18.71,92.14,38.6,Maize,49.88,16.11,1.25,66.84
0.4,3.72,9.07,30.84,63.96,16.73,Rice,80.05,34.32,4.27,0.0
0.409,5.0,66.72,23.32,17.29,32.25,Maize,18.69,10.79,5.26,40.61
0.468,4.74,28.34,16.87,68.28,34.94,Maize,73.34,35.47,5.71,0.0
0.785,4.07,64.01,24.69,42.72,20.25,Maize,23.66,46.75,5.99,46.89
0.877,6.16,60.76,16.82,59.15,18.24,Wheat,12.94,28.26,2.41,41.82
0.507,6.56,15.35,17.58,73.41,31.17,Rice,24.85,30.57,3.88,0.0
0.475,7.12,20.67,19.79,51.49,36.95,Rice,71.2,3.45,3.25,0.0
0.793,7.84,62.16,32.19,81.4,31.42,Wheat,42.41,43.22,3.82,43.83
0.499,3.6,12.82,33.49,72.22,12.95,Rice,79.8,14.27,1.79,0.0
0.586,6.3,26.52,31.53,61.51,36.09,Maize,51.98,30.75,5.28,0.0
0.362,4.37,83.52,21.68,15.08,18.57,Rice,11.78,48.96,5.55,53.93
0.72,6.06,32.71,20.45,83.59,25.17,Wheat,67.34,29.78,3.25,0.0
0.572,4.86,48.81,25.98,93.59,34.1,Rice,18.82,36.24,2.4,0.0
0.766,7.96,94.11,29.44,13.7,11.59,Wheat,73.15,22.27,1.7,45.48
0.747,6.37,22.71,34.87,48.82,32.46,Maize,23.45,3.02,4.42,0.0
0.351,7.71,38.96,17.63,25.89,25.87,Wheat,37.64,39.88,2.56,0.0
0.701,7.01,60.65,15.99,75.45,36.27,Rice,70.9,1.75,5.55,40.42
0.76,7.42,75.53,28.89,72.16,11.02,Maize,86.34,35.03,4.36,48.26
0.442,6.89,90.17,31.64,14.09,19.72,Rice,39.71,1.15,4.23,46.44
0.321,4.75,91.55,31.93,87.7,34.15,Wheat,76.35,43.12,3.8,67.07
0.202,3.51,77.66,28.57,18.1,5.67,Maize,25.26,7.88,1.23,52.06
0.516,4.22,22.83,34.08,79.73,8.93,Wheat,74.57,25.71,5.66,0.0
0.447,2.12,2.48,25.22,45.7,39.67,Rice,62.6,29.86,4.14,0.0
0.588,5.14,38.38,33.28,32.83,14.81,Wheat,25.42,22.88,5.97,0.0
0.332,5.03,14.15,34.36,15.82,39.14,Rice,34.2,17.04,3.69,0.0
0.802,5.15,71.04,31.94,16.76,11.39,Rice,20.54,23.39,4.55,46.62
0.38,7.84,66.11,21.2,66.19,17.64,Maize,40.64,15.57,1.28,36.74
0.359,7.47,4.4,18.92,55.04,31.35,Maize,26.29,21.91,4.16,0.0
0.536,2.97,83.66,25.96,12.21,28.02,Wheat,61.52,17.95,4.82,58.81
0.549,4.21,24.87,24.06,11.27,25.34,Rice,89.56,28.31,4.89,0.0
0.351,4.54,43.22,32.56,7.23,23.55,Rice,10.96,11.9,4.85,0.0
0.39,4.16,66.79,17.0,74.38,34.52,Maize,53.27,49.43,2.13,58.04
0.319,6.79,42.94,20.15,71.19,13.22,Maize,55.89,25.04,5.88,0.0
0.703,5.14,44.13,30.04,5.84,20.49,Maize,83.14,9.71,5.98,0.0
0.739,5.43,6.56,16.9,56.03,10.44,Maize,50.48,23.85,1.38,0.0
0.524,7.12,40.14,21.42,8.47,25.86,Wheat,53.5,43.32,5.68,0.0
0.7,6.84,76.48,22.74,90.37,13.77,Wheat,47.73,1.09,2.45,45.31
0.715,2.79,91.52,27.45,90.71,16.68,Wheat,31.51,33.98,4.45,71.71
0.297,6.28,41.35,18.16,69.82,21.49,Wheat,14.48,27.4,2.69,0.0
0.876,4.61,42.36,32.21,92.62,5.94,Maize,42.69,8.48,5.84,0.0
0.775,3.77,70.26,23.95,81.15,8.22,Wheat,14.21,40.87,1.51,58.82
0.343,2.3,94.28,33.34,82.85,29.01,Wheat,54.04,18.44,3.49,75.46
0.33,4.92,26.71,24.36,56.97,20.01,Wheat,34.58,14.69,3.14,0.0
0.288,4.13,44.01,20.5,30.61,35.27,Maize,52.69,41.41,2.63,0.0
0.297,3.51,79.6,17.84,21.78,29.31,Rice,20.74,31.93,4.23,53.47
0.724,6.17,60.97,15.07,32.72,5.28,Maize,84.61,44.91,1.66,38.48
0.529,6.62,11.06,25.64,62.85,26.58,Rice,81.56,31.49,4.58,0.0
0.748,3.47,62.77,17.14,17.27,8.28,Rice,25.2,37.04,5.9,48.77
0.722,2.3,18.67,22.83,25.86,32.33,Wheat,37.48,41.82,5.02,0.0
0.623,7.09,51.02,26.79,46.81,39.7,Wheat,59.08,2.74,5.3,28.02
0.68,2.06,52.91,20.51,23.31,23.59,Wheat,17.65,38.8,2.8,47.91
0.213,7.62,87.62,18.5,58.86,28.9,Maize,38.37,30.69,2.62,46.56
0.418,5.77,46.25,30.49,92.32,13.31,Maize,30.09,3.48,3.59,0.0
0.646,3.93,27.94,33.94,74.81,20.32,Wheat,83.24,25.43,1.23,0.0
0.207,3.48,23.1,17.01,66.64,34.96,Maize,78.2,4.12,5.73,0.0
0.223,2.05,87.43,18.11,58.27,10.86,Maize,56.39,36.8,1.72,67.99
0.796,3.41,17.1,34.2,48.79,14.29,Rice,51.63,27.33,5.52,0.0
0.679,2.83,42.59,15.76,18.66,20.59,Maize,84.46,47.68,1.42,0.0
0.386,5.67,18.72,34.55,89.47,29.93,Rice,84.59,9.16,5.11,0.0
0.682,3.0,77.33,15.09,24.85,18.16,Wheat,87.55,30.3,1.76,55.46
0.755,5.17,47.44,32.47,9.13,37.47,Maize,20.03,10.58,1.19,0.0
0.415,5.54,35.11,21.15,75.0,8.31,Rice,22.84,30.7,4.6,0.0
0.225,3.79,36.11,33.77,17.56,17.98,Maize,64.14,36.13,2.4,0.0
0.853,2.21,85.22,21.34,37.19,29.81,Rice,53.31,36.12,4.57,59.63
0.442,2.22,55.38,28.09,2.83,12.91,Rice,11.48,40.75,3.78,57.16
0.275,2.16,71.79,16.6,13.71,27.97,Maize,14.96,42.68,1.54,59.55
0.544,6.43,89.7,19.85,17.32,10.75,Wheat,81.05,3.86,5.66,44.06
0.738,3.91,90.17,30.47,5.44,6.96,Rice,79.51,17.16,3.26,62.26
0.355,6.78,32.85,25.57,65.67,9.24,Wheat,38.58,34.36,4.67,0.0
0.389,4.59,95.25,33.56,83.7,37.55,Maize,81.28,24.93,3.51,67.98
0.37,4.72,2.49,23.58,37.33,24.31,Maize,57.49,9.53,4.02,0.0
0.894,5.08,37.68,32.4,87.46,32.87,Wheat,74.47,27.64,2.51,0.0
0.338,6.28,89.58,23.98,21.33,16.64,Maize,44.19,20.37,2.0,45.08
0.603,3.64,27.46,34.58,32.54,25.74,Rice,19.07,19.5,3.71,0.0
0.848,2.73,27.31,34.2,15.07,22.32,Wheat,44.7,40.49,3.2,0.0
0.303,5.34,30.26,21.58,62.06,38.1,Maize,46.58,20.38,2.95,0.0
0.88,3.96,61.23,32.72,41.99,31.17,Maize,54.08,1.32,4.36,44.64
0.863,4.65,43.83,31.95,61.33,30.57,Wheat,18.45,2.9,4.45,0.0
0.819,5.88,72.67,19.21,76.17,6.62,Rice,89.31,42.81,1.23,52.3
0.35,4.96,89.49,27.49,54.57,24.24,Wheat,29.53,48.03,2.69,58.54
0.644,5.72,67.42,16.45,62.76,21.34,Maize,25.88,34.42,3.06,47.98
0.733,5.27,20.45,31.73,93.53,37.47,Maize,52.14,18.22,1.48,0.0
0.89,6.44,93.27,18.49,29.91,14.01,Wheat,52.98,46.93,2.18,49.22
0.326,6.24,26.45,16.42,35.92,14.44,Rice,45.19,33.14,1.26,0.0
0.736,5.21,14.99,23.0,71.77,19.4,Rice,71.75,42.22,5.98,0.0
0.437,6.07,9.0,26.54,61.13,13.52,Rice,51.33,38.29,4.68,0.0
0.323,7.24,56.34,32.1,17.85,9.52,Wheat,58.78,18.96,1.44,32.15
0.495,4.59,11.38,34.48,37.61,35.01,Rice,67.9,23.94,1.1,0.0
0.756,4.48,13.88,23.79,46.78,24.54,Rice,12.0,9.31,4.6,0.0
0.525,6.59,30.0,16.21,41.94,35.15,Rice,55.65,14.6,3.2,0.0
0.576,5.5,28.17,29.98,17.83,34.09,Rice,80.74,38.91,4.93,0.0
0.897,2.43,60.42,26.3,92.44,14.87,Maize,11.39,44.7,5.62,61.23
0.479,7.35,81.67,23.96,76.23,24.17,Wheat,42.41,36.22,4.0,49.48
0.631,2.18,76.13,21.19,48.14,7.91,Wheat,84.1,23.26,1.94,57.36
0.456,6.49,26.25,25.05,68.01,37.03,Rice,38.25,4.33,4.91,0.0
0.475,6.55,24.53,21.77,89.73,19.15,Wheat,46.7,2.85,5.78,0.0
0.687,7.72,96.58,30.14,13.62,18.78,Wheat,88.52,18.72,3.9,47.33
0.857,2.32,0.82,25.88,25.04,15.6,Maize,25.95,23.19,4.41,0.0
0.58,5.58,87.97,32.54,54.27,21.12,Wheat,15.22,30.46,2.69,55.78
0.738,4.57,19.97,25.87,79.9,13.81,Maize,78.75,0.32,2.91,0.0
0.262,3.98,94.73,19.77,3.63,18.12,Wheat,79.48,49.49,4.67,65.34
0.348,2.54,34.23,32.02,98.4,33.0,Maize,47.77,18.2,5.64,0.0
0.551,5.38,44.04,26.14,45.49,34.2,Maize,51.14,42.4,4.14,0.0
0.214,4.87,70.71,19.14,35.92,15.65,Wheat,76.86,26.75,4.95,43.82
0.377,2.63,58.77,27.47,29.27,21.42,Maize,69.08,6.52,1.86,46.47
0.562,5.67,31.79,22.15,17.44,35.58,Maize,31.21,39.88,2.06,0.0
0.21,6.43,55.38,31.89,79.16,6.84,Wheat,11.35,35.49,3.66,45.51
0.385,6.6,73.07,24.07,95.54,36.12,Maize,48.38,26.37,1.88,47.91
0.56,7.43,4.23,29.53,41.36,12.67,Maize,78.71,25.73,4.17,0.0
0.601,4.46,1.12,16.91,95.24,28.75,Maize,81.67,4.37,2.46,0.0
0.848,7.72,45.81,22.92,82.38,25.39,Maize,86.5,32.79,4.96,0.0
0.652,7.19,13.18,34.66,48.11,24.35,Maize,80.37,45.56,5.04,0.0
0.49,3.78,66.43,31.17,67.4,35.08,Rice,56.4,4.66,3.32,54.68
0.851,2.96,21.41,18.2,43.5,8.56,Maize,45.57,13.18,1.9,0.0
0.749,4.61,43.29,20.56,55.87,17.15,Maize,71.99,45.12,4.23,0.0
0.34,4.41,19.77,21.6,5.8,23.84,Maize,69.19,14.22,5.96,0.0
0.292,5.45,54.85,28.01,69.63,33.4,Maize,53.05,32.7,4.11,46.04
0.673,5.5,11.61,30.14,5.28,12.58,Wheat,16.99,26.74,1.18,0.0
0.592,6.5,2.31,29.99,81.71,33.1,Rice,84.09,29.82,1.09,0.0
0.753,5.06,5.11,25.2,82.49,18.99,Wheat,46.45,20.79,2.6,0.0
0.717,2.63,95.43,31.22,23.71,11.61,Rice,39.07,15.0,1.98,63.45
0.638,7.15,14.23,23.74,32.37,31.56,Maize,60.37,2.43,5.07,0.0
0.89,3.86,70.85,17.48,48.13,8.18,Maize,63.91,37.21,5.22,51.81
0.574,7.83,6.79,26.29,59.67,23.02,Rice,26.86,37.3,2.29,0.0
0.279,2.71,10.82,34.05,28.74,7.24,Rice,76.96,33.54,2.63,0.0
0.78,7.75,50.89,30.86,59.25,17.47,Wheat,33.19,32.18,2.18,33.79
0.376,2.55,46.49,26.57,29.78,26.04,Rice,24.93,12.19,5.54,0.0
0.744,3.39,95.16,27.94,5.55,24.46,Maize,42.51,1.12,3.51,63.6
0.87,2.28,94.48,33.61,0.25,19.16,Wheat,68.44,40.44,4.28,75.82
0.688,6.23,77.96,23.57,10.12,20.02,Rice,87.24,24.56,3.08,44.74
0.617,7.1,60.21,21.63,79.23,12.94,Rice,74.74,15.34,4.16,39.01
0.522,4.6,45.5,34.54,96.14,20.96,Wheat,85.23,5.1,2.93,0.0
0.455,7.57,35.62,32.27,42.7,38.36,Rice,21.25,3.14,2.7,0.0
0.447,5.54,94.71,21.46,51.27,34.77,Maize,15.69,17.44,4.17,52.42
0.645,5.78,60.29,24.28,14.68,10.08,Wheat,54.62,40.24,3.96,39.48
0.726,7.07,57.91,23.3,55.1,6.04,Rice,33.22,45.94,2.47,36.16
0.675,3.78,23.19,17.98,14.47,37.67,Maize,76.24,44.84,1.75,0.0
0.339,4.13,4.67,34.16,61.12,23.44,Rice,63.76,46.0,2.84,0.0
0.546,7.44,94.52,23.09,93.33,23.82,Wheat,87.66,45.39,3.08,54.85
0.754,7.41,31.37,32.51,19.57,32.33,Rice,30.38,26.36,4.14,0.0
0.533,7.86,44.26,18.79,76.46,16.01,Rice,48.86,10.97,5.57,0.0
0.576,7.41,11.46,25.96,2.35,21.87,Rice,50.1,39.9,1.18,0.0
0.74,2.76,83.69,15.48,37.55,38.9,Maize,29.13,10.69,2.22,56.79
0.663,6.94,2.76,30.28,11.07,28.53,Maize,57.21,13.36,1.97,0.0
0.487,4.46,83.4,26.62,35.25,10.38,Rice,45.46,11.66,3.51,49.56
0.827,7.94,14.03,27.51,17.35,9.66,Rice,45.74,25.75,3.15,0.0
0.314,4.83,88.66,16.03,37.33,12.15,Wheat,39.02,16.09,4.65,51.33
0.897,5.32,72.98,19.22,41.75,31.83,Rice,11.35,7.71,2.21,41.55
0.283,5.18,16.47,16.49,30.06,15.34,Wheat,51.77,22.66,3.97,0.0
0.21,3.93,56.58,20.78,65.66,5.75,Maize,36.82,43.7,5.42,50.43
0.823,2.45,31.27,27.55,91.89,38.05,Rice,10.11,28.53,5.55,0.0
0.371,7.37,17.82,26.32,40.06,10.94,Wheat,34.64,43.92,5.79,0.0
0.711,6.82,85.92,27.24,19.23,5.33,Maize,32.29,9.79,4.87,42.14
0.768,2.84,40.35,25.99,27.07,13.3,Wheat,41.48,8.35,5.53,0.0
0.801,6.66,39.85,20.46,85.4,13.23,Maize,20.55,28.78,2.17,0.0
0.894,5.76,16.99,19.89,57.16,19.77,Rice,50.61,23.17,1.99,0.0
0.406,4.45,38.31,17.74,45.5,37.21,Wheat,65.4,33.01,1.03,0.0
0.697,3.52,87.16,31.98,14.96,35.77,Rice,60.41,39.73,4.53,61.58
0.281,7.16,36.31,27.33,44.97,20.99,Wheat,74.3,37.57,5.69,0.0
0.485,6.2,95.16,18.73,27.85,19.38,Maize,46.16,47.11,1.93,50.8
0.794,5.29,94.63,18.54,94.32,24.43,Wheat,51.53,19.91,4.18,61.36
0.457,5.66,14.49,32.46,88.41,13.52,Wheat,74.83,10.32,4.73,0.0
0.614,2.55,17.73,29.85,8.39,6.83,Rice,44.22,27.55,5.64,0.0
0.553,4.84,86.27,28.19,51.67,37.87,Rice,66.13,5.54,4.23,52.8
0.652,3.16,39.28,23.14,22.51,11.53,Rice,44.77,14.44,5.85,0.0
0.881,3.25,0.44,20.24,41.08,11.94,Maize,43.42,10.39,2.72,0.0
0.239,5.97,27.39,34.59,87.68,21.54,Rice,70.82,19.83,2.75,0.0
0.602,7.47,59.76,30.94,52.75,22.21,Wheat,23.99,5.56,3.72,33.81
0.804,4.42,79.93,21.04,33.42,5.65,Maize,37.09,1.59,2.92,45.92
0.537,3.25,13.34,31.95,20.79,10.18,Rice,27.93,32.84,1.01,0.0
0.255,5.89,11.05,30.18,80.03,18.24,Wheat,38.73,30.51,4.66,0.0
0.592,7.23,92.21,20.94,62.45,28.93,Wheat,28.43,35.42,4.76,50.44
0.432,6.49,75.11,23.53,46.81,12.99,Maize,56.35,33.02,4.73,41.63
0.308,7.21,58.98,18.72,21.75,19.81,Wheat,73.85,5.71,2.73,28.4
0.794,5.22,76.92,17.22,33.42,24.51,Rice,72.93,14.55,3.61,44.46
0.565,6.51,42.89,29.46,95.98,36.1,Wheat,39.16,6.48,2.8,0.0
0.853,2.84,75.85,20.35,52.01,16.41,Rice,89.1,42.15,1.08,58.11
0.764,4.09,37.18,31.4,40.07,9.67,Rice,57.51,37.35,3.81,0.0
0.685,4.34,24.41,34.91,52.14,22.12,Maize,41.95,10.08,1.62,0.0
0.204,5.07,72.9,16.53,77.9,31.14,Wheat,76.84,17.07,1.4,54.02
0.499,7.57,41.97,24.46,34.01,8.85,Maize,68.39,48.33,4.78,0.0
0.338,7.25,98.14,31.04,17.87,19.86,Maize,69.94,29.71,1.05,49.47
0.838,2.81,34.95,30.78,58.49,5.62,Maize,25.69,40.06,5.8,0.0
0.322,3.04,92.17,30.2,66.52,6.17,Rice,47.47,13.23,3.58,67.97
0.4,4.15,93.3,21.98,71.27,21.9,Rice,78.95,10.5,5.92,62.12
0.562,3.74,24.19,24.08,88.2,15.44,Rice,50.32,39.2,1.29,0.0
0.384,5.69,79.82,26.9,37.12,34.58,Rice,64.68,34.29,3.92,45.87
0.347,7.42,43.31,34.48,7.54,26.08,Wheat,57.03,34.05,2.75,0.0
0.619,7.77,91.75,21.55,95.83,20.89,Wheat,77.39,27.63,5.22,50.47
0.262,5.92,45.01,33.46,43.5,19.28,Rice,32.76,28.18,2.81,0.0
0.241,7.03,74.43,20.39,62.33,22.4,Rice,56.04,36.78,2.3,44.3
0.461,5.15,46.7,34.78,66.63,6.42,Wheat,19.86,13.5,5.29,0.0
0.704,3.25,22.78,28.41,54.65,36.25,Maize,65.22,17.64,2.87,0.0
0.588,5.15,19.94,24.27,20.53,39.94,Maize,68.56,43.58,1.08,0.0
0.496,5.33,42.54,27.27,75.51,11.35,Rice,13.43,15.44,2.95,0.0
0.596,6.45,75.55,20.45,80.38,9.21,Maize,64.06,27.32,4.27,49.35
0.456,3.32,60.51,20.48,55.3,10.03,Rice,43.18,35.13,2.27,50.4
0.855,4.21,68.86,17.27,48.86,28.14,Rice,19.93,50.0,3.16,51.23
0.238,4.18,28.23,17.28,11.39,28.15,Rice,43.59,21.76,1.28,0.0
0.671,7.76,48.14,21.95,8.4,34.68,Wheat,25.54,21.4,3.94,0.0
0.824,4.66,4.44,30.26,33.96,31.31,Maize,43.24,42.13,4.78,0.0
0.763,6.53,81.75,27.16,31.08,20.74,Wheat,40.75,40.28,3.07,44.27
0.329,6.5,98.99,17.05,95.37,26.45,Maize,69.07,36.55,3.1,60.83
0.407,3.59,40.69,32.04,78.36,29.09,Wheat,71.94,23.16,1.44,0.0
0.702,5.43,1.1,27.03,65.99,22.95,Wheat,58.56,16.2,2.01,0.0
0.259,7.37,16.98,34.22,51.76,21.65,Rice,11.81,30.44,1.77,0.0
0.768,4.85,65.25,28.4,16.74,27.58,Rice,84.48,43.81,3.41,46.07
0.703,7.67,61.21,18.5,97.85,24.51,Wheat,64.9,44.19,3.65,41.5
0.711,3.29,78.79,24.48,37.5,27.54,Maize,12.74,5.42,5.74,50.7
0.27,2.44,25.39,27.97,10.69,26.45,Maize,75.51,21.42,1.37,0.0
0.702,7.35,76.36,15.57,49.38,30.17,Rice,26.02,23.24,4.0,40.55
0.676,7.09,68.8,15.3,87.4,27.5,Rice,56.34,48.88,3.63,48.37
0.782,7.96,32.28,17.59,88.73,23.19,Maize,47.33,33.9,3.58,0.0
0.229,6.08,54.55,20.03,1.1,28.86,Maize,43.59,20.36,5.37,39.38
0.216,7.62,14.73,23.59,88.63,20.73,Maize,81.18,1.3,2.03,0.0
0.461,6.96,45.26,24.75,27.15,13.46,Rice,44.99,28.27,1.2,0.0
0.304,7.07,88.12,17.76,3.9,5.05,Maize,16.03,4.8,4.36,47.32
0.591,5.41,42.12,28.47,84.78,24.6,Rice,85.73,41.72,2.73,0.0
0.842,4.29,83.96,26.92,86.39,25.67,Wheat,83.64,37.63,1.09,63.21
0.474,7.61,59.03,20.89,59.62,39.02,Wheat,64.75,23.03,2.26,33.67
0.791,4.59,19.19,15.27,57.44,17.65,Wheat,47.43,21.46,2.55,0.0
0.2,5.23,58.11,16.55,81.31,18.79,Maize,17.43,44.87,4.08,50.27
0.318,4.68,50.6,22.83,78.63,12.06,Rice,73.26,14.42,1.86,44.38
0.221,5.39,39.86,18.08,89.01,7.47,Maize,16.04,12.45,3.07,0.0
0.43,4.82,11.96,22.54,55.27,32.05,Rice,15.49,46.96,3.41,0.0
0.836,2.29,41.67,27.56,96.76,13.74,Maize,52.99,40.46,3.3,0.0
0.268,7.29,7.28,25.94,99.61,26.31,Wheat,22.81,41.03,5.87,0.0
0.624,4.67,9.88,19.62,11.65,29.07,Rice,10.62,9.76,1.23,0.0
0.516,5.53,41.59,21.88,84.95,21.49,Maize,43.85,7.16,5.75,0.0
0.857,2.84,30.54,27.28,49.98,35.67,Rice,20.98,1.3,3.91,0.0
0.286,2.02,92.55,32.22,38.76,20.53,Rice,22.84,11.85,4.98,64.68
0.348,3.47,37.57,30.06,61.31,14.97,Maize,16.15,38.71,3.15,0.0
0.221,6.23,75.79,26.07,5.6,36.36,Maize,26.41,12.0,3.27,45.51
0.504,2.6,53.02,22.25,50.65,35.15,Rice,67.24,36.46,5.4,48.35
0.394,7.45,70.41,22.3,87.09,10.74,Rice,74.71,12.6,5.48,41.47
0.809,3.29,26.01,32.59,21.35,5.91,Wheat,46.2,19.76,2.19,0.0
0.623,3.23,94.19,15.78,42.64,8.15,Rice,50.52,49.16,2.0,63.7
0.63,3.09,53.01,34.76,93.95,15.03,Wheat,12.61,12.24,3.48,55.93
0.572,2.08,83.13,28.29,42.86,39.03,Wheat,15.55,18.82,5.5,60.7
0.264,6.63,36.5,28.62,35.84,24.55,Wheat,30.61,15.05,2.61,0.0
0.512,7.25,10.02,15.76,44.05,18.06,Rice,53.51,5.48,4.26,0.0
0.9,5.68,67.37,27.11,51.95,36.11,Wheat,69.16,24.49,4.54,43.7
0.785,3.13,0.78,24.7,63.2,20.86,Rice,58.4,18.93,4.89,0.0
0.825,3.71,47.53,17.12,80.07,16.03,Rice,41.37,34.74,3.82,0.0
0.776,4.86,19.28,20.56,45.21,37.94,Maize,19.47,40.88,3.01,0.0
0.272,7.73,62.74,32.81,81.75,34.73,Rice,72.46,27.21,5.84,43.01
0.359,3.48,97.94,26.0,53.37,34.53,Rice,39.1,1.61,4.06,61.83
0.202,6.39,46.44,23.27,33.85,22.93,Wheat,68.88,30.95,4.64,0.0
0.412,4.64,81.75,16.45,65.8,32.63,Rice,51.04,2.77,2.72,55.45
0.276,3.79,50.78,29.28,71.77,11.28,Rice,69.09,30.82,4.35,51.55
0.531,4.74,49.58,29.06,55.8,25.06,Maize,82.58,34.25,2.29,0.0
0.674,2.43,93.04,27.28,5.66,39.43,Maize,83.68,9.89,2.23,66.93
0.812,6.79,89.0,25.21,16.99,15.18,Wheat,52.81,40.97,4.57,46.69
0.724,3.46,78.58,23.68,28.53,32.8,Wheat,50.92,45.55,3.61,53.67
0.857,6.35,29.63,26.87,28.26,22.17,Maize,31.25,40.65,4.42,0.0
0.238,2.41,54.5,19.67,67.34,6.39,Maize,84.86,15.26,2.35,53.41
0.209,7.73,22.39,33.83,1.83,31.71,Rice,46.63,29.33,3.99,0.0
0.663,3.16,44.39,26.78,75.57,10.9,Wheat,20.21,45.74,3.22,0.0
0.403,7.3,48.42,21.22,26.53,27.1,Wheat,44.62,16.03,3.98,0.0
0.377,6.86,83.16,23.99,31.0,8.0,Rice,20.16,41.0,2.45,42.31
0.432,7.81,89.6,31.11,52.79,38.14,Rice,50.2,0.47,4.58,43.93
0.389,4.87,41.46,18.23,21.59,15.21,Wheat,54.9,0.18,5.03,0.0
0.558,6.36,1.77,20.86,88.45,12.93,Maize,37.02,37.99,2.3,0.0
0.508,4.22,86.18,28.59,8.54,9.52,Maize,15.73,38.07,2.5,59.65
0.559,3.11,17.43,21.31,44.44,38.11,Rice,85.48,39.45,4.31,0.0
0.671,4.66,62.19,30.85,84.94,29.92,Wheat,71.87,46.5,4.48,55.57
0.471,2.99,2.5,17.61,61.58,30.96,Rice,77.11,5.9,4.52,0.0
0.376,7.89,39.95,30.25,29.23,22.48,Maize,39.35,11.6,4.41,0.0
0.316,2.58,98.6,16.37,42.08,21.62,Maize,70.87,45.19,2.96,67.15
0.445,5.54,10.07,15.25,70.67,8.85,Rice,48.83,8.86,2.97,0.0
0.719,5.76,42.37,32.96,97.33,24.59,Maize,26.09,34.11,2.27,0.0
0.73,5.23,30.71,26.63,89.31,13.64,Wheat,19.95,26.52,1.78,0.0
0.667,5.97,90.51,22.04,34.24,39.2,Rice,37.6,4.16,4.46,44.14
0.364,2.7,86.93,19.65,99.82,32.88,Rice,21.0,14.26,1.47,66.96
0.612,5.33,23.77,27.34,0.35,19.45,Rice,89.86,26.02,5.69,0.0
0.599,3.72,8.12,25.18,2.76,10.3,Maize,13.94,42.62,5.13,0.0
0.539,7.64,62.71,34.83,82.38,32.49,Wheat,45.29,35.38,5.29,45.07
0.585,6.57,33.64,34.66,19.95,9.27,Rice,46.17,31.09,5.53,0.0
0.544,7.84,67.21,27.7,6.08,11.63,Rice,34.05,24.8,3.04,37.66
0.596,2.23,3.21,23.86,23.71,12.4,Maize,55.71,14.93,5.23,0.0
0.701,3.71,13.34,24.82,42.61,24.49,Wheat,22.0,5.96,1.79,0.0
0.277,3.17,68.64,28.65,73.06,32.55,Rice,72.71,20.45,1.11,60.13
0.725,2.07,21.24,17.03,62.43,16.0,Maize,36.6,1.43,4.92,0.0
0.295,3.45,85.76,21.57,23.76,7.96,Rice,57.31,10.55,1.37,52.53
0.247,6.07,5.86,16.51,50.33,21.26,Maize,67.25,21.62,5.94,0.0
0.883,3.39,21.55,16.47,92.62,31.18,Wheat,81.12,20.93,4.37,0.0
0.87,5.05,99.86,18.92,81.5,12.76,Maize,76.86,2.21,4.77,62.44
0.242,7.33,43.31,24.71,32.32,12.7,Rice,58.66,29.45,2.23,0.0
0.51,6.16,70.3,30.7,98.23,38.15,Rice,41.07,27.48,4.37,51.13
0.33,4.37,18.27,24.71,70.86,38.4,Maize,50.26,3.91,1.22,0.0
0.54,4.23,60.99,21.71,6.24,39.67,Wheat,71.5,47.16,5.19,48.85
0.781,4.73,72.61,16.65,3.52,33.27,Wheat,80.2,4.97,1.85,50.51
0.865,3.06,31.45,26.01,16.84,11.59,Rice,18.3,42.74,4.49,0.0
0.644,5.8,82.89,20.43,72.79,12.42,Rice,40.79,0.02,2.12,51.76
0.448,4.18,60.34,27.3,18.37,16.91,Maize,72.09,44.11,1.34,45.62
0.622,7.11,38.91,34.54,51.15,16.13,Maize,44.53,0.99,3.41,0.0
0.418,6.54,55.76,17.23,9.33,38.48,Maize,36.58,37.89,1.85,37.71
0.837,5.66,57.68,19.24,92.09,32.62,Wheat,42.91,18.08,4.65,44.73
0.809,4.19,16.55,24.46,34.4,30.34,Wheat,58.23,36.91,2.19,0.0
0.591,3.26,40.27,34.37,90.81,11.51,Rice,89.98,20.09,2.71,0.0
0.427,6.66,34.34,30.44,94.49,36.83,Rice,49.44,3.55,3.84,0.0
0.405,4.92,40.09,32.96,0.61,33.98,Rice,26.68,38.38,2.42,0.0
0.223,3.35,76.11,21.67,46.41,10.73,Maize,23.03,3.56,2.89,50.28
0.771,3.17,48.25,34.84,2.47,35.49,Wheat,13.39,46.11,5.08,0.0
0.515,2.99,94.03,17.06,90.87,14.53,Rice,54.71,2.55,1.9,68.57
0.428,6.66,29.37,16.06,51.84,7.83,Rice,53.57,23.97,1.41,0.0
0.53,3.37,41.57,32.11,7.49,27.99,Rice,26.42,36.15,2.64,0.0
0.773,5.16,78.7,33.55,11.03,27.88,Rice,65.63,19.66,3.12,52.21
0.287,4.71,54.6,16.81,38.35,8.32,Rice,69.29,10.86,3.71,37.25
0.8,5.48,54.7,17.27,94.02,16.16,Rice,30.73,37.95,2.86,46.91
0.828,7.26,5.33,15.66,69.29,39.75,Wheat,37.53,39.21,4.95,0.0
0.863,7.21,39.86,17.09,86.76,28.74,Rice,89.24,46.13,1.2,0.0
0.478,4.71,27.07,19.19,36.65,30.55,Wheat,39.94,18.81,3.16,0.0
0.352,2.09,99.93,34.4,4.32,12.45,Maize,70.86,25.31,2.91,75.89
0.462,4.56,30.84,28.36,97.43,7.76,Wheat,46.22,18.16,4.24,0.0
0.433,5.64,88.45,30.57,1.72,14.69,Maize,73.47,12.85,5.83,56.23
0.323,5.35,67.62,30.52,94.77,13.71,Wheat,71.52,37.55,3.55,54.12
0.625,5.91,34.09,25.7,36.87,13.21,Wheat,63.42,16.98,5.93,0.0
0.534,2.92,54.35,30.95,1.01,11.75,Rice,78.38,21.41,2.51,54.05
0.806,5.88,84.05,26.92,68.92,25.12,Wheat,85.14,20.18,1.15,54.2
0.222,3.1,88.34,21.29,98.05,16.48,Wheat,56.4,35.63,1.83,67.54
0.651,6.5,16.04,26.22,96.56,33.71,Rice,29.0,45.89,2.98,0.0
0.734,4.03,33.96,25.67,16.09,11.44,Maize,41.89,33.34,2.58,0.0
0.732,6.26,33.52,31.47,18.12,21.26,Rice,70.66,23.58,1.49,0.0
0.82,2.29,4.2,34.63,56.55,5.48,Rice,62.07,38.96,3.16,0.0
0.71,4.45,59.82,23.22,63.73,21.86,Rice,24.22,32.05,2.69,47.97
0.849,6.23,85.48,30.27,73.94,6.95,Maize,14.1,3.03,1.61,54.41
0.433,3.36,38.16,17.0,18.11,39.22,Wheat,64.64,4.78,2.48,0.0
0.552,6.77,74.0,30.54,95.9,32.67,Wheat,30.09,1.9,5.43,47.79
0.21,5.78,62.77,22.43,63.87,22.15,Rice,49.97,22.84,2.51,42.94
0.205,5.53,37.56,15.79,84.7,8.03,Rice,69.74,41.29,4.57,0.0
0.368,4.12,14.11,22.26,54.01,25.74,Wheat,55.01,15.65,4.06,0.0
0.271,4.89,70.93,27.21,41.43,31.56,Wheat,16.66,19.21,3.14,44.45
0.382,5.58,85.46,17.39,97.72,11.68,Wheat,24.85,45.47,2.2,59.62
0.324,4.83,68.59,33.48,58.21,24.89,Maize,27.55,41.85,2.85,53.54
0.22,6.19,1.79,16.55,86.69,33.5,Maize,30.63,33.25,3.96,0.0
0.837,4.6,21.62,33.6,95.33,31.89,Rice,55.23,13.34,2.75,0.0
0.206,3.21,6.95,29.14,67.54,33.1,Maize,50.32,5.85,2.07,0.0
0.715,3.28,57.04,21.59,54.89,35.78,Rice,26.25,0.8,1.58,45.17
0.307,2.03,75.65,22.82,0.35,37.82,Wheat,15.4,5.35,5.4,61.36
0.839,3.81,11.06,29.82,4.0,19.19,Wheat,23.71,14.63,3.2,0.0
0.825,6.49,83.83,27.03,20.09,24.91,Rice,88.75,27.59,4.13,43.84
0.658,6.76,55.55,28.43,18.6,32.67,Wheat,47.48,3.2,3.45,30.29
0.671,3.21,69.0,22.78,25.48,29.4,Rice,79.39,6.81,5.36,46.5
0.204,7.75,97.14,24.76,30.49,39.84,Rice,77.9,9.05,3.73,41.66
0.889,5.01,8.37,34.8,36.01,5.48,Rice,50.92,31.6,3.4,0.0
0.814,7.5,90.12,19.28,42.05,17.43,Maize,66.54,30.79,5.62,42.67
0.827,6.24,12.61,23.36,9.89,14.84,Rice,25.42,27.54,4.6,0.0
0.661,6.33,39.3,20.84,4.24,14.18,Rice,65.07,12.53,1.56,0.0
0.441,2.51,85.14,30.3,67.39,12.79,Rice,31.79,18.56,1.89,67.99
0.826,3.32,90.63,30.28,53.73,29.82,Maize,76.56,4.83,4.94,61.7
0.404,2.05,50.64,20.85,44.41,7.97,Wheat,16.7,11.32,5.18,45.47
0.594,6.3,59.41,16.63,63.44,30.96,Maize,71.85,44.89,3.73,43.78
0.27,4.07,70.81,15.23,82.77,29.27,Rice,17.99,48.98,3.77,60.59
0.845,6.72,83.28,23.55,42.77,13.78,Maize,80.5,32.38,4.16,42.77
0.299,4.03,12.15,23.21,64.11,13.85,Wheat,34.34,45.84,3.2,0.0
0.357,6.92,81.01,34.77,95.36,27.01,Wheat,62.35,32.14,4.4,54.74
0.591,2.78,48.13,24.4,83.96,31.68,Rice,49.0,1.66,1.54,0.0
0.735,3.04,45.06,20.13,42.6,35.68,Wheat,39.3,49.84,5.81,0.0
0.634,4.05,42.39,32.82,64.47,34.82,Maize,61.64,4.95,4.75,0.0
0.362,4.45,50.92,24.82,17.71,38.77,Maize,85.8,34.13,4.16,39.12
0.201,4.09,94.51,26.98,56.05,25.35,Wheat,13.3,12.64,2.58,60.52
0.73,6.58,54.82,16.91,98.13,36.8,Rice,83.51,19.6,1.8,41.13
0.89,2.58,95.32,22.66,51.83,33.3,Rice,58.73,32.3,3.05,65.45
0.767,4.11,18.03,33.88,92.76,36.31,Maize,74.59,21.82,4.31,0.0
0.522,7.02,72.41,26.79,40.73,5.41,Wheat,40.71,12.53,4.17,35.99
0.833,2.4,81.22,21.89,99.88,38.81,Maize,47.75,16.72,2.91,65.19
0.487,7.65,67.91,27.51,57.92,21.57,Maize,79.51,17.08,4.07,37.73
0.567,7.92,60.69,33.21,4.23,32.94,Maize,43.19,47.97,5.07,40.13
0.534,2.53,56.48,20.48,58.68,9.45,Rice,52.77,39.93,1.13,53.26
0.513,3.75,86.09,25.1,27.46,18.86,Wheat,11.62,22.93,3.25,53.89
0.743,4.23,82.16,34.17,3.25,14.5,Wheat,22.69,9.99,4.79,59.55
0.569,6.66,12.23,18.45,82.09,15.21,Rice,61.33,40.55,3.73,0.0
0.422,5.58,84.86,29.39,27.57,9.31,Maize,67.36,7.86,4.26,46.73
0.381,5.87,41.41,27.29,79.65,33.2,Maize,56.61,10.52,3.58,0.0
0.226,6.55,25.37,28.59,28.82,5.32,Rice,21.46,18.3,5.96,0.0
0.608,2.71,86.98,22.02,19.43,15.94,Wheat,45.63,44.02,1.27,59.25
0.361,7.0,43.2,21.28,97.39,11.1,Rice,38.41,6.59,3.46,0.0
0.304,6.23,80.84,28.68,36.16,25.62,Wheat,49.65,6.11,1.46,42.23
0.658,5.46,26.34,19.31,60.14,13.9,Wheat,79.63,24.7,1.8,0.0
0.677,7.34,0.39,23.39,61.0,14.06,Wheat,72.07,13.82,2.92,0.0
0.727,6.2,49.55,18.76,56.05,22.09,Maize,16.72,28.44,1.78,0.0
0.553,3.21,10.02,15.17,91.47,27.84,Maize,81.22,22.58,5.82,0.0
0.826,4.58,75.44,34.4,67.44,9.25,Rice,47.74,21.75,5.73,58.28
0.855,4.96,27.61,23.63,40.37,11.14,Rice,69.51,5.6,2.68,0.0
0.765,2.33,44.36,34.39,86.24,13.65,Maize,21.2,7.05,4.2,0.0
0.645,7.73,8.7,17.81,18.11,39.08,Rice,63.66,41.05,3.67,0.0
0.413,2.77,28.67,26.75,54.42,18.9,Maize,28.91,44.29,5.08,0.0
0.888,6.18,78.15,19.02,95.06,25.96,Maize,45.07,11.73,4.14,50.42
0.392,5.04,15.16,30.8,62.54,13.45,Wheat,11.35,5.67,1.0,0.0
0.342,2.15,64.72,30.67,81.7,22.17,Wheat,22.13,2.67,4.82,61.55
0.51,7.55,91.74,17.25,65.36,7.59,Maize,17.37,30.41,4.73,50.9
0.24,7.11,67.98,33.24,83.94,6.22,Wheat,29.18,35.77,3.55,48.57
0.885,5.15,81.1,18.89,94.45,21.41,Maize,18.0,18.64,5.51,56.21
0.612,3.37,10.9,27.26,27.29,18.95,Wheat,65.35,33.98,5.54,0.0
0.59,2.73,25.07,34.71,16.97,9.79,Rice,12.32,35.65,3.62,0.0
0.659,4.18,89.45,32.65,48.4,29.07,Rice,59.42,46.77,4.04,61.48
0.548,3.53,71.51,34.13,70.19,39.75,Maize,21.26,3.24,5.98,59.58
0.222,5.04,63.96,21.85,22.72,18.85,Maize,85.61,9.61,2.49,37.68
0.629,7.8,66.38,17.11,0.41,26.86,Wheat,84.65,3.43,2.62,37.4
0.701,5.45,41.42,18.77,34.29,38.7,Wheat,28.04,43.4,1.91,0.0
0.492,7.34,4.46,25.01,96.89,34.1,Maize,59.15,39.63,5.48,0.0
0.73,5.91,78.44,30.86,69.5,21.22,Rice,12.24,28.73,4.72,54.37
0.359,4.85,67.87,18.0,40.13,30.81,Rice,84.54,4.18,1.53,40.93
0.355,7.13,47.28,28.19,19.26,9.48,Maize,51.84,13.67,5.91,0.0
0.313,4.83,89.98,21.47,35.61,22.92,Rice,13.46,14.89,4.65,49.49
0.46,7.21,33.62,21.82,16.98,14.77,Maize,37.4,28.04,5.25,0.0
0.793,3.75,29.43,28.24,10.63,10.64,Wheat,16.15,12.9,1.24,0.0
0.78,2.77,87.28,24.34,90.67,19.92,Rice,41.44,3.65,3.52,65.77
0.468,7.13,79.7,31.24,99.77,9.59,Rice,63.59,36.54,4.49,52.36
0.612,5.52,51.5,18.12,16.41,29.46,Wheat,47.59,14.95,3.71,34.36
0.705,7.33,13.07,30.8,5.45,20.97,Wheat,40.7,22.62,4.33,0.0
0.369,7.63,21.51,16.28,32.97,23.59,Rice,19.53,6.38,5.09,0.0
0.318,2.32,65.62,18.88,46.17,10.12,Rice,29.6,40.13,2.87,54.62
